date;Afghanistan;Albania;Algeria;Andorra;Angola;Antigua and Barbuda;Argentina;Armenia;Australia;Austria;Azerbaijan;Bahamas;Bahrain;Bangladesh;Barbados;Belarus;Brazil;Dominica;Dominican Republic;Ecuador;Egypt;El Salvador;Equatorial Guinea;Eritrea;Estonia;Eswatini;Ethiopia;Fiji;Finland;France;Gabon;Gambia;Georgia;Germany;Ghana;Greece;Grenada;Guatemala;Guinea;Guinea-Bissau;India;Indonesia;Iran;Kuwait;Kyrgyzstan;Laos;Latvia;Lebanon;Lesotho;Liberia;Libya;Liechtenstein;Lithuania;Nigeria;North Macedonia;Norway;Oman;Pakistan;Poland;Portugal;Qatar;Romania;Russia;Rwanda;Saint Kitts and Nevis;Saint Lucia;Saint Vincent and the Grenadines;San Marino;Sao Tome and Principe;Saudi Arabia;Senegal;Serbia;Seychelles;Sierra Leone;Singapore;Slovakia;Slovenia;Somalia;South Africa;Spain;Sri Lanka;Sudan;Suriname;Sweden;Switzerland;Syria;Tajikistan;Tanzania;Thailand;Timor-Leste;Togo;Trinidad and Tobago;Tunisia;Turkey;US;Uganda;Ukraine;United Arab Emirates;United Kingdom;Uruguay;Uzbekistan;Venezuela;Vietnam;West Bank and Gaza;Western Sahara;Yemen;Zambia;Zimbabwe
1/22/20;0;0;0;0;0;0;0;0;0;0;0;0;0;0;0;0;0;0;0;0;0;0;0;0;0;0;0;0;0;0;0;0;0;0;0;0;0;0;0;0;0;0;0;0;0;0;0;0;0;0;0;0;0;0;0;0;0;0;0;0;0;0;0;0;0;0;0;0;0;0;0;0;0;0;0;0;0;0;0;0;0;0;0;0;0;0;0;0;2;0;0;0;0;0;1;0;0;0;0;0;0;0;0;0;0;0;0;0
1/23/20;0;0;0;0;0;0;0;0;0;0;0;0;0;0;0;0;0;0;0;0;0;0;0;0;0;0;0;0;0;0;0;0;0;0;0;0;0;0;0;0;0;0;0;0;0;0;0;0;0;0;0;0;0;0;0;0;0;0;0;0;0;0;0;0;0;0;0;0;0;0;0;0;0;0;1;0;0;0;0;0;0;0;0;0;0;0;0;0;3;0;0;0;0;0;1;0;0;0;0;0;0;0;2;0;0;0;0;0
1/24/20;0;0;0;0;0;0;0;0;0;0;0;0;0;0;0;0;0;0;0;0;0;0;0;0;0;0;0;0;0;2;0;0;0;0;0;0;0;0;0;0;0;0;0;0;0;0;0;0;0;0;0;0;0;0;0;0;0;0;0;0;0;0;0;0;0;0;0;0;0;0;0;0;0;0;3;0;0;0;0;0;0;0;0;0;0;0;0;0;5;0;0;0;0;0;2;0;0;0;0;0;0;0;2;0;0;0;0;0
1/25/20;0;0;0;0;0;0;0;0;0;0;0;0;0;0;0;0;0;0;0;0;0;0;0;0;0;0;0;0;0;3;0;0;0;0;0;0;0;0;0;0;0;0;0;0;0;0;0;0;0;0;0;0;0;0;0;0;0;0;0;0;0;0;0;0;0;0;0;0;0;0;0;0;0;0;3;0;0;0;0;0;0;0;0;0;0;0;0;0;7;0;0;0;0;0;2;0;0;0;0;0;0;0;2;0;0;0;0;0
1/26/20;0;0;0;0;0;0;0;0;4;0;0;0;0;0;0;0;0;0;0;0;0;0;0;0;0;0;0;0;0;3;0;0;0;0;0;0;0;0;0;0;0;0;0;0;0;0;0;0;0;0;0;0;0;0;0;0;0;0;0;0;0;0;0;0;0;0;0;0;0;0;0;0;0;0;4;0;0;0;0;0;0;0;0;0;0;0;0;0;8;0;0;0;0;0;5;0;0;0;0;0;0;0;2;0;0;0;0;0
1/27/20;0;0;0;0;0;0;0;0;5;0;0;0;0;0;0;0;0;0;0;0;0;0;0;0;0;0;0;0;0;3;0;0;0;1;0;0;0;0;0;0;0;0;0;0;0;0;0;0;0;0;0;0;0;0;0;0;0;0;0;0;0;0;0;0;0;0;0;0;0;0;0;0;0;0;5;0;0;0;0;0;1;0;0;0;0;0;0;0;8;0;0;0;0;0;5;0;0;0;0;0;0;0;2;0;0;0;0;0
1/28/20;0;0;0;0;0;0;0;0;5;0;0;0;0;0;0;0;0;0;0;0;0;0;0;0;0;0;0;0;0;4;0;0;0;4;0;0;0;0;0;0;0;0;0;0;0;0;0;0;0;0;0;0;0;0;0;0;0;0;0;0;0;0;0;0;0;0;0;0;0;0;0;0;0;0;7;0;0;0;0;0;1;0;0;0;0;0;0;0;14;0;0;0;0;0;5;0;0;0;0;0;0;0;2;0;0;0;0;0
1/29/20;0;0;0;0;0;0;0;0;6;0;0;0;0;0;0;0;0;0;0;0;0;0;0;0;0;0;0;0;1;5;0;0;0;4;0;0;0;0;0;0;0;0;0;0;0;0;0;0;0;0;0;0;0;0;0;0;0;0;0;0;0;0;0;0;0;0;0;0;0;0;0;0;0;0;7;0;0;0;0;0;1;0;0;0;0;0;0;0;14;0;0;0;0;0;5;0;0;4;0;0;0;0;2;0;0;0;0;0
1/30/20;0;0;0;0;0;0;0;0;9;0;0;0;0;0;0;0;0;0;0;0;0;0;0;0;0;0;0;0;1;5;0;0;0;4;0;0;0;0;0;0;1;0;0;0;0;0;0;0;0;0;0;0;0;0;0;0;0;0;0;0;0;0;0;0;0;0;0;0;0;0;0;0;0;0;10;0;0;0;0;0;1;0;0;0;0;0;0;0;14;0;0;0;0;0;5;0;0;4;0;0;0;0;2;0;0;0;0;0
1/31/20;0;0;0;0;0;0;0;0;9;0;0;0;0;0;0;0;0;0;0;0;0;0;0;0;0;0;0;0;1;5;0;0;0;5;0;0;0;0;0;0;1;0;0;0;0;0;0;0;0;0;0;0;0;0;0;0;0;0;0;0;0;0;2;0;0;0;0;0;0;0;0;0;0;0;13;0;0;0;0;0;1;0;0;1;0;0;0;0;19;0;0;0;0;0;7;0;0;4;2;0;0;0;2;0;0;0;0;0
2/1/20;0;0;0;0;0;0;0;0;12;0;0;0;0;0;0;0;0;0;0;0;0;0;0;0;0;0;0;0;1;6;0;0;0;8;0;0;0;0;0;0;1;0;0;0;0;0;0;0;0;0;0;0;0;0;0;0;0;0;0;0;0;0;2;0;0;0;0;0;0;0;0;0;0;0;16;0;0;0;0;1;1;0;0;1;0;0;0;0;19;0;0;0;0;0;8;0;0;4;2;0;0;0;6;0;0;0;0;0
2/2/20;0;0;0;0;0;0;0;0;12;0;0;0;0;0;0;0;0;0;0;0;0;0;0;0;0;0;0;0;1;6;0;0;0;10;0;0;0;0;0;0;2;0;0;0;0;0;0;0;0;0;0;0;0;0;0;0;0;0;0;0;0;0;2;0;0;0;0;0;0;0;0;0;0;0;18;0;0;0;0;1;1;0;0;1;0;0;0;0;19;0;0;0;0;0;8;0;0;5;2;0;0;0;6;0;0;0;0;0
2/3/20;0;0;0;0;0;0;0;0;12;0;0;0;0;0;0;0;0;0;0;0;0;0;0;0;0;0;0;0;1;6;0;0;0;12;0;0;0;0;0;0;3;0;0;0;0;0;0;0;0;0;0;0;0;0;0;0;0;0;0;0;0;0;2;0;0;0;0;0;0;0;0;0;0;0;18;0;0;0;0;1;1;0;0;1;0;0;0;0;19;0;0;0;0;0;11;0;0;5;8;0;0;0;8;0;0;0;0;0
2/4/20;0;0;0;0;0;0;0;0;13;0;0;0;0;0;0;0;0;0;0;0;0;0;0;0;0;0;0;0;1;6;0;0;0;12;0;0;0;0;0;0;3;0;0;0;0;0;0;0;0;0;0;0;0;0;0;0;0;0;0;0;0;0;2;0;0;0;0;0;0;0;0;0;0;0;24;0;0;0;0;1;1;0;0;1;0;0;0;0;25;0;0;0;0;0;11;0;0;5;8;0;0;0;8;0;0;0;0;0
2/5/20;0;0;0;0;0;0;0;0;13;0;0;0;0;0;0;0;0;0;0;0;0;0;0;0;0;0;0;0;1;6;0;0;0;12;0;0;0;0;0;0;3;0;0;0;0;0;0;0;0;0;0;0;0;0;0;0;0;0;0;0;0;0;2;0;0;0;0;0;0;0;0;0;0;0;28;0;0;0;0;1;1;0;0;1;0;0;0;0;25;0;0;0;0;0;11;0;0;5;9;0;0;0;8;0;0;0;0;0
2/6/20;0;0;0;0;0;0;0;0;14;0;0;0;0;0;0;0;0;0;0;0;0;0;0;0;0;0;0;0;1;6;0;0;0;12;0;0;0;0;0;0;3;0;0;0;0;0;0;0;0;0;0;0;0;0;0;0;0;0;0;0;0;0;2;0;0;0;0;0;0;0;0;0;0;0;28;0;0;0;0;1;1;0;0;1;0;0;0;0;25;0;0;0;0;0;11;0;0;5;9;0;0;0;10;0;0;0;0;0
2/7/20;0;0;0;0;0;0;0;0;15;0;0;0;0;0;0;0;0;0;0;0;0;0;0;0;0;0;0;0;1;6;0;0;0;13;0;0;0;0;0;0;3;0;0;0;0;0;0;0;0;0;0;0;0;0;0;0;0;0;0;0;0;0;2;0;0;0;0;0;0;0;0;0;0;0;30;0;0;0;0;1;1;0;0;1;0;0;0;0;25;0;0;0;0;0;11;0;0;5;9;0;0;0;10;0;0;0;0;0
2/8/20;0;0;0;0;0;0;0;0;15;0;0;0;0;0;0;0;0;0;0;0;0;0;0;0;0;0;0;0;1;11;0;0;0;13;0;0;0;0;0;0;3;0;0;0;0;0;0;0;0;0;0;0;0;0;0;0;0;0;0;0;0;0;2;0;0;0;0;0;0;0;0;0;0;0;33;0;0;0;0;1;1;0;0;1;0;0;0;0;32;0;0;0;0;0;11;0;0;7;13;0;0;0;13;0;0;0;0;0
2/9/20;0;0;0;0;0;0;0;0;15;0;0;0;0;0;0;0;0;0;0;0;0;0;0;0;0;0;0;0;1;11;0;0;0;14;0;0;0;0;0;0;3;0;0;0;0;0;0;0;0;0;0;0;0;0;0;0;0;0;0;0;0;0;2;0;0;0;0;0;0;0;0;0;0;0;40;0;0;0;0;2;1;0;0;1;0;0;0;0;32;0;0;0;0;0;11;0;0;7;14;0;0;0;13;0;0;0;0;0
2/10/20;0;0;0;0;0;0;0;0;15;0;0;0;0;0;0;0;0;0;0;0;0;0;0;0;0;0;0;0;1;11;0;0;0;14;0;0;0;0;0;0;3;0;0;0;0;0;0;0;0;0;0;0;0;0;0;0;0;0;0;0;0;0;2;0;0;0;0;0;0;0;0;0;0;0;45;0;0;0;0;2;1;0;0;1;0;0;0;0;32;0;0;0;0;0;11;0;0;8;14;0;0;0;14;0;0;0;0;0
2/11/20;0;0;0;0;0;0;0;0;15;0;0;0;0;0;0;0;0;0;0;0;0;0;0;0;0;0;0;0;1;11;0;0;0;16;0;0;0;0;0;0;3;0;0;0;0;0;0;0;0;0;0;0;0;0;0;0;0;0;0;0;0;0;2;0;0;0;0;0;0;0;0;0;0;0;47;0;0;0;0;2;1;0;0;1;0;0;0;0;33;0;0;0;0;0;12;0;0;8;15;0;0;0;15;0;0;0;0;0
2/12/20;0;0;0;0;0;0;0;0;15;0;0;0;0;0;0;0;0;0;0;0;0;0;0;0;0;0;0;0;1;11;0;0;0;16;0;0;0;0;0;0;3;0;0;0;0;0;0;0;0;0;0;0;0;0;0;0;0;0;0;0;0;0;2;0;0;0;0;0;0;0;0;0;0;0;50;0;0;0;0;2;1;0;0;1;0;0;0;0;33;0;0;0;0;0;12;0;0;8;16;0;0;0;15;0;0;0;0;0
2/13/20;0;0;0;0;0;0;0;0;15;0;0;0;0;0;0;0;0;0;0;0;0;0;0;0;0;0;0;0;1;11;0;0;0;16;0;0;0;0;0;0;3;0;0;0;0;0;0;0;0;0;0;0;0;0;0;0;0;0;0;0;0;0;2;0;0;0;0;0;0;0;0;0;0;0;58;0;0;0;0;2;1;0;0;1;0;0;0;0;33;0;0;0;0;0;13;0;0;8;17;0;0;0;16;0;0;0;0;0
2/14/20;0;0;0;0;0;0;0;0;15;0;0;0;0;0;0;0;0;0;0;0;1;0;0;0;0;0;0;0;1;11;0;0;0;16;0;0;0;0;0;0;3;0;0;0;0;0;0;0;0;0;0;0;0;0;0;0;0;0;0;0;0;0;2;0;0;0;0;0;0;0;0;0;0;0;67;0;0;0;0;2;1;0;0;1;0;0;0;0;33;0;0;0;0;0;13;0;0;8;18;0;0;0;16;0;0;0;0;0
2/15/20;0;0;0;0;0;0;0;0;15;0;0;0;0;0;0;0;0;0;0;0;1;0;0;0;0;0;0;0;1;12;0;0;0;16;0;0;0;0;0;0;3;0;0;0;0;0;0;0;0;0;0;0;0;0;0;0;0;0;0;0;0;0;2;0;0;0;0;0;0;0;0;0;0;0;72;0;0;0;0;2;1;0;0;1;0;0;0;0;33;0;0;0;0;0;13;0;0;8;18;0;0;0;16;0;0;0;0;0
2/16/20;0;0;0;0;0;0;0;0;15;0;0;0;0;0;0;0;0;0;0;0;1;0;0;0;0;0;0;0;1;12;0;0;0;16;0;0;0;0;0;0;3;0;0;0;0;0;0;0;0;0;0;0;0;0;0;0;0;0;0;0;0;0;2;0;0;0;0;0;0;0;0;0;0;0;75;0;0;0;0;2;1;0;0;1;0;0;0;0;34;0;0;0;0;0;13;0;0;9;18;0;0;0;16;0;0;0;0;0
2/17/20;0;0;0;0;0;0;0;0;15;0;0;0;0;0;0;0;0;0;0;0;1;0;0;0;0;0;0;0;1;12;0;0;0;16;0;0;0;0;0;0;3;0;0;0;0;0;0;0;0;0;0;0;0;0;0;0;0;0;0;0;0;0;2;0;0;0;0;0;0;0;0;0;0;0;77;0;0;0;0;2;1;0;0;1;0;0;0;0;35;0;0;0;0;0;13;0;0;9;19;0;0;0;16;0;0;0;0;0
2/18/20;0;0;0;0;0;0;0;0;15;0;0;0;0;0;0;0;0;0;0;0;1;0;0;0;0;0;0;0;1;12;0;0;0;16;0;0;0;0;0;0;3;0;0;0;0;0;0;0;0;0;0;0;0;0;0;0;0;0;0;0;0;0;2;0;0;0;0;0;0;0;0;0;0;0;81;0;0;0;0;2;1;0;0;1;0;0;0;0;35;0;0;0;0;0;13;0;0;9;19;0;0;0;16;0;0;0;0;0
2/19/20;0;0;0;0;0;0;0;0;15;0;0;0;0;0;0;0;0;0;0;0;1;0;0;0;0;0;0;0;1;12;0;0;0;16;0;0;0;0;0;0;3;0;2;0;0;0;0;0;0;0;0;0;0;0;0;0;0;0;0;0;0;0;2;0;0;0;0;0;0;0;0;0;0;0;84;0;0;0;0;2;1;0;0;1;0;0;0;0;35;0;0;0;0;0;13;0;0;9;20;0;0;0;16;0;0;0;0;0
2/20/20;0;0;0;0;0;0;0;0;15;0;0;0;0;0;0;0;0;0;0;0;1;0;0;0;0;0;0;0;1;12;0;0;0;16;0;0;0;0;0;0;3;0;5;0;0;0;0;0;0;0;0;0;0;0;0;0;0;0;0;0;0;0;2;0;0;0;0;0;0;0;0;0;0;0;84;0;0;0;0;2;1;0;0;1;0;0;0;0;35;0;0;0;0;0;13;0;0;9;22;0;0;0;16;0;0;0;0;0
2/21/20;0;0;0;0;0;0;0;0;15;0;0;0;0;0;0;0;0;0;0;0;1;0;0;0;0;0;0;0;1;12;0;0;0;16;0;0;0;0;0;0;3;0;18;0;0;0;0;1;0;0;0;0;0;0;0;0;0;0;0;0;0;0;2;0;0;0;0;0;0;0;0;0;0;0;85;0;0;0;0;2;1;0;0;1;0;0;0;0;35;0;0;0;0;0;15;0;0;9;23;0;0;0;16;0;0;0;0;0
2/22/20;0;0;0;0;0;0;0;0;15;0;0;0;0;0;0;0;0;0;0;0;1;0;0;0;0;0;0;0;1;12;0;0;0;16;0;0;0;0;0;0;3;0;28;0;0;0;0;1;0;0;0;0;0;0;0;0;0;0;0;0;0;0;2;0;0;0;0;0;0;0;0;0;0;0;85;0;0;0;0;2;1;0;0;1;0;0;0;0;35;0;0;0;0;0;15;0;0;13;23;0;0;0;16;0;0;0;0;0
2/23/20;0;0;0;0;0;0;0;0;15;0;0;0;0;0;0;0;0;0;0;0;1;0;0;0;0;0;0;0;1;12;0;0;0;16;0;0;0;0;0;0;3;0;43;0;0;0;0;1;0;0;0;0;0;0;0;0;0;0;0;0;0;0;2;0;0;0;0;0;0;0;0;0;0;0;89;0;0;0;0;2;1;0;0;1;0;0;0;0;35;0;0;0;0;0;15;0;0;13;28;0;0;0;16;0;0;0;0;0
2/24/20;1;0;0;0;0;0;0;0;15;0;0;0;1;0;0;0;0;0;0;0;1;0;0;0;0;0;0;0;1;12;0;0;0;16;0;0;0;0;0;0;3;0;61;1;0;0;0;1;0;0;0;0;0;0;0;0;2;0;0;0;0;0;2;0;0;0;0;0;0;0;0;0;0;0;89;0;0;0;0;2;1;0;0;1;0;0;0;0;35;0;0;0;0;0;15;0;0;13;30;0;0;0;16;0;0;0;0;0
2/25/20;1;0;1;0;0;0;0;0;15;2;0;0;23;0;0;0;0;0;0;0;1;0;0;0;0;0;0;0;1;14;0;0;0;17;0;0;0;0;0;0;3;0;95;11;0;0;0;1;0;0;0;0;0;0;0;0;2;2;0;0;0;0;2;0;0;0;0;0;0;0;0;0;0;0;91;0;0;0;0;6;1;0;0;1;1;0;0;0;37;0;0;0;0;0;15;0;0;13;34;0;0;0;16;0;0;0;0;0
2/26/20;1;0;1;0;0;0;0;0;15;2;0;0;33;0;0;0;1;0;0;0;1;0;0;0;0;0;0;0;2;18;0;0;1;27;0;1;0;0;0;0;3;0;139;26;0;0;0;2;0;0;0;0;0;0;1;1;4;2;0;0;0;1;2;0;0;0;0;0;0;0;0;0;0;0;93;0;0;0;0;13;1;0;0;2;1;0;0;0;40;0;0;0;0;0;15;0;0;13;37;0;0;0;16;0;0;0;0;0
2/27/20;1;0;1;0;0;0;0;0;15;3;0;0;33;0;0;0;1;0;0;0;1;0;0;0;1;0;0;0;2;38;0;0;1;46;0;3;0;0;0;0;3;0;245;43;0;0;0;2;0;0;0;0;0;0;1;1;4;2;0;0;0;1;2;0;0;0;0;1;0;0;0;0;0;0;93;0;0;0;0;15;1;0;0;7;8;0;0;0;40;0;0;0;0;0;16;0;0;13;44;0;0;0;16;0;0;0;0;0
2/28/20;1;0;1;0;0;0;0;0;15;3;0;0;36;0;0;1;1;0;0;0;1;0;0;0;1;0;0;0;2;57;0;0;1;48;0;4;0;0;0;0;3;0;388;45;0;0;0;2;0;0;0;0;1;1;1;6;4;4;0;0;0;3;2;0;0;0;0;1;0;0;0;0;0;0;93;0;0;0;0;32;1;0;0;7;8;0;0;0;41;0;0;0;0;0;16;0;0;19;56;0;0;0;16;0;0;0;0;0
2/29/20;1;0;1;0;0;0;0;0;25;9;0;0;41;0;0;1;2;0;0;0;1;0;0;0;1;0;0;0;3;100;0;0;1;79;0;4;0;0;0;0;3;0;593;45;0;0;0;4;0;0;0;0;1;1;1;15;6;4;0;0;1;3;2;0;0;0;0;1;0;0;0;0;0;0;102;0;0;0;0;45;1;0;0;12;18;0;0;0;42;0;0;0;0;0;24;0;0;21;61;0;0;0;16;0;0;0;0;0
3/1/20;1;0;1;0;0;0;0;1;27;14;3;0;47;0;0;1;2;0;1;6;2;0;0;0;1;0;0;0;6;130;0;0;3;130;0;7;0;0;0;0;3;0;978;45;0;0;0;10;0;0;0;0;1;1;1;19;6;4;0;0;3;3;2;0;0;0;0;1;0;0;0;0;0;0;106;0;0;0;0;84;1;0;0;14;27;0;0;0;42;0;0;0;0;0;30;0;0;21;94;0;0;0;16;0;0;0;0;0
3/2/20;1;0;3;1;0;0;0;1;30;18;3;0;49;0;0;1;2;0;1;6;2;0;0;0;1;0;0;0;6;191;0;0;3;159;0;7;0;0;0;0;5;2;1501;56;0;0;1;13;0;0;0;0;1;1;1;25;6;5;0;2;3;3;3;0;0;0;0;8;0;1;1;0;0;0;108;0;0;0;0;120;1;0;0;15;42;0;0;0;43;0;0;0;0;0;53;0;0;21;134;0;0;0;16;0;0;0;0;0
3/3/20;1;0;5;1;0;0;1;1;39;21;3;0;49;0;0;1;2;0;1;7;2;0;0;0;2;0;0;0;6;204;0;0;3;196;0;7;0;0;0;0;5;2;2336;56;0;0;1;13;0;0;0;0;1;1;1;32;12;5;0;2;7;3;3;0;0;0;0;10;0;1;2;0;0;0;110;0;0;0;0;165;1;0;0;21;56;0;0;0;43;0;0;0;0;0;73;0;1;27;189;0;0;0;16;0;0;0;0;0
3/4/20;1;0;12;1;0;0;1;1;52;29;3;0;52;0;0;6;4;0;1;10;2;0;0;0;2;0;0;0;6;288;0;0;3;262;0;9;0;0;0;0;28;2;2922;56;0;0;1;13;0;0;0;1;1;1;1;56;15;5;1;5;8;4;3;0;0;0;0;16;0;1;4;0;0;0;110;0;0;0;0;222;1;0;0;35;90;0;0;0;43;0;0;0;1;0;104;0;1;27;246;0;0;0;16;0;0;0;0;0
3/5/20;1;0;12;1;0;0;1;1;55;41;6;0;55;0;0;6;4;0;1;13;3;0;0;0;3;0;0;0;12;380;0;0;4;482;0;31;0;0;0;0;30;2;3513;58;0;0;1;16;0;0;0;1;1;1;1;87;16;6;1;8;8;6;4;0;0;0;0;21;0;5;4;0;0;0;117;0;2;0;1;259;1;0;0;94;114;0;0;0;47;0;0;0;1;0;174;0;1;29;295;0;0;0;16;4;0;0;0;0
3/6/20;1;0;17;1;0;0;2;1;60;55;6;0;60;0;0;6;13;0;2;13;15;0;0;0;10;0;0;0;15;656;0;0;4;670;0;45;0;0;0;0;31;4;4747;58;0;0;1;22;0;0;0;1;1;1;3;108;16;6;5;13;8;9;13;0;0;0;0;21;0;5;4;1;0;0;130;1;7;0;1;400;1;0;0;101;214;0;0;0;48;0;1;0;1;0;222;0;1;29;374;0;0;0;16;7;0;0;0;0
3/7/20;1;0;17;1;0;0;8;1;63;79;9;0;85;0;0;6;13;0;2;13;15;0;0;0;10;0;0;0;15;959;0;0;4;799;0;46;0;0;0;0;34;4;5823;61;0;0;1;22;0;0;0;1;1;1;3;147;16;6;5;20;8;9;13;0;0;0;0;23;0;5;4;1;0;0;138;1;7;0;1;500;1;0;0;161;268;0;0;0;50;0;1;0;1;0;337;0;1;45;429;0;0;0;18;16;0;0;0;0
3/8/20;4;0;19;1;0;0;12;1;76;104;9;0;85;3;0;6;20;0;5;14;49;0;0;0;10;0;0;0;23;1136;0;0;13;1040;0;73;0;0;0;0;39;6;6566;64;0;0;2;32;0;0;0;1;1;1;3;176;16;6;11;30;15;15;17;0;0;0;0;36;0;11;4;1;0;0;150;3;16;0;3;673;1;0;0;203;337;0;0;0;50;0;1;0;2;0;451;0;1;45;483;0;0;0;30;16;0;0;0;0
3/9/20;4;2;20;1;0;0;12;1;91;131;9;0;95;3;0;6;25;0;5;15;55;0;0;0;10;0;0;0;30;1219;0;0;15;1176;0;73;0;0;0;0;43;19;7161;64;0;0;6;32;0;0;0;1;1;2;3;205;16;16;16;30;18;15;17;0;0;0;0;36;0;15;4;1;0;0;150;3;16;0;3;1073;1;0;0;248;374;0;0;0;50;0;1;0;2;0;519;0;1;45;630;0;0;0;30;19;0;0;0;0
3/10/20;5;10;20;1;0;0;17;1;107;182;11;0;110;3;0;9;31;0;5;15;59;0;0;0;12;0;0;0;40;1794;0;0;15;1457;0;89;0;0;0;0;56;27;8042;69;0;0;8;41;0;0;0;1;1;2;7;400;18;19;22;41;24;25;20;0;0;0;0;51;0;20;4;5;0;0;160;7;31;0;7;1695;1;0;0;355;491;0;0;0;53;0;1;0;5;0;711;0;1;74;889;0;0;0;31;26;0;0;0;0
3/11/20;7;12;20;1;0;0;19;1;128;246;11;0;195;3;0;9;38;0;5;17;60;0;0;0;16;0;0;0;59;2293;0;0;24;1908;0;99;0;0;0;0;62;34;9000;72;0;0;10;61;0;0;0;1;3;2;7;598;18;20;31;59;262;45;20;0;0;0;0;62;0;21;4;12;0;0;178;10;57;0;13;2277;2;0;0;500;652;0;0;0;59;0;1;0;7;1;1109;0;1;74;1301;0;0;0;38;30;0;0;0;0
3/12/20;7;23;24;1;0;0;19;4;128;302;11;0;195;3;0;12;52;0;5;17;67;0;0;0;16;0;0;0;59;2293;0;0;24;2078;0;99;0;0;0;0;73;34;10075;80;0;0;10;61;0;0;0;1;3;2;7;702;18;28;49;59;262;49;28;0;0;0;0;69;0;45;4;19;0;0;178;16;89;0;17;2277;2;0;0;599;652;0;0;0;70;0;1;0;7;1;1561;0;1;85;1790;0;0;0;39;30;0;0;0;0
3/13/20;7;33;26;1;0;1;31;8;200;504;15;0;195;3;0;27;151;0;5;17;80;0;0;0;79;0;1;0;155;3681;0;0;25;3675;0;190;0;0;1;0;82;69;11364;80;0;0;17;77;0;0;0;1;6;2;14;996;19;31;68;112;320;89;45;0;0;0;0;80;0;86;10;35;0;0;200;32;141;0;24;5232;6;1;0;814;1139;0;0;0;75;0;1;0;16;5;2157;0;3;85;2270;4;0;0;47;31;0;0;0;0
3/14/20;11;38;37;1;0;1;34;18;250;655;15;0;210;3;0;27;151;0;11;28;109;0;0;0;115;1;1;0;225;4496;1;0;30;4585;3;228;0;1;1;0;102;96;12729;104;0;0;26;93;0;0;0;4;8;2;14;1090;19;53;103;169;337;123;59;1;0;1;1;80;0;103;10;46;2;0;212;44;181;0;38;6391;10;1;1;961;1359;0;0;0;82;0;1;2;18;5;2870;0;3;85;2634;6;0;2;53;35;0;0;0;0
3/15/20;16;42;48;1;0;1;45;26;297;860;23;0;214;5;0;27;162;0;11;28;110;0;1;0;171;1;1;0;244;4532;1;0;33;5795;6;331;0;1;1;0;113;117;13938;112;0;0;30;110;0;0;0;4;12;2;14;1221;22;136;119;245;401;131;63;1;0;2;1;101;0;103;24;48;2;0;226;54;219;0;51;7798;18;1;1;1022;2200;0;0;0;114;0;1;2;18;6;2968;0;3;98;3077;8;1;10;56;38;0;0;0;0
3/16/20;21;51;54;2;0;1;56;52;377;1018;28;1;214;8;0;36;200;0;11;37;150;0;1;0;205;1;5;0;277;6683;1;0;33;7272;6;331;0;2;1;0;119;134;14991;123;0;0;34;110;0;1;0;4;17;2;18;1333;22;236;177;331;439;158;90;5;0;2;1;109;0;118;24;55;3;0;243;63;253;1;62;9942;28;1;1;1103;2200;0;0;1;147;0;1;4;20;18;4360;0;7;98;3692;29;6;17;61;38;0;0;0;0
3/17/20;22;55;60;39;0;1;68;78;452;1332;28;1;228;10;2;36;321;0;21;58;196;0;1;0;225;1;5;0;321;7715;1;1;34;9257;7;387;0;6;1;0;142;172;16169;130;0;0;49;120;0;1;0;7;25;3;26;1463;24;299;238;448;439;184;114;7;0;2;1;109;0;171;26;65;4;0;266;72;275;1;62;11748;44;1;1;1190;2700;0;0;1;177;0;1;5;24;47;6141;0;14;98;4462;50;10;33;66;39;0;0;0;0
3/18/20;22;59;74;39;0;1;79;84;568;1646;28;1;256;14;2;51;372;0;21;111;196;0;4;0;258;1;6;0;336;9124;1;1;38;12327;7;418;0;6;1;0;156;227;17361;142;3;0;71;133;0;2;0;28;27;8;35;1550;39;454;251;448;452;260;147;8;0;2;1;119;0;171;31;83;4;0;313;105;275;1;116;13910;51;2;1;1279;3028;0;0;3;212;0;1;7;29;98;8917;0;14;113;5467;79;15;36;75;41;0;0;2;0
3/19/20;22;64;87;53;0;1;97;115;681;2013;44;3;278;17;5;51;621;0;34;199;256;1;6;0;267;1;6;1;400;10970;1;1;40;15320;11;418;0;9;1;0;194;311;18407;148;3;0;86;157;0;2;0;28;36;8;48;1746;48;501;355;785;460;277;199;8;0;2;1;119;0;274;31;103;6;0;345;123;286;1;150;17963;60;2;1;1439;4075;0;0;6;272;0;1;9;39;192;14157;0;16;140;6533;94;23;42;85;44;0;0;2;0
3/20/20;24;70;90;75;1;1;128;136;791;2388;44;3;285;20;5;69;793;0;72;367;285;1;6;0;283;1;9;1;450;12758;3;1;43;19848;16;495;0;12;1;0;244;369;19644;159;6;0;111;163;0;2;0;28;49;12;67;1914;48;730;425;1020;470;308;253;17;0;2;1;144;0;344;38;135;7;0;385;137;341;1;202;20410;73;2;4;1639;5294;0;0;6;322;0;9;9;54;359;19479;0;29;140;7791;110;33;42;91;47;0;0;2;1
3/21/20;24;76;139;88;2;1;158;160;1071;2814;53;4;305;25;6;76;1021;0;112;506;294;3;6;1;306;1;9;1;523;14463;4;1;49;22213;19;530;0;17;2;0;330;450;20610;176;14;0;124;187;0;3;0;37;83;22;85;2118;52;776;536;1280;481;367;306;17;0;2;1;144;0;392;47;171;7;0;432;178;383;1;240;25374;77;2;4;1763;6575;0;0;6;411;0;16;49;60;670;25825;1;47;153;9006;135;43;70;94;48;0;0;2;3
3/22/20;40;89;201;113;2;1;266;194;1549;3582;65;4;334;27;14;76;1546;1;202;789;327;3;6;1;326;4;11;2;626;16243;5;1;54;24873;23;624;1;19;2;0;396;514;21638;188;14;0;139;248;0;3;0;37;143;30;115;2385;55;875;634;1600;494;433;367;19;0;2;1;175;0;511;67;222;7;0;455;185;414;1;274;28768;82;2;5;1934;7474;1;0;12;599;1;16;50;75;1236;33761;1;73;153;10395;158;43;70;113;52;0;0;3;3
3/23/20;40;104;230;133;3;3;301;235;1682;4474;72;4;377;33;17;81;1924;2;245;981;366;3;9;1;352;4;11;3;700;20123;5;2;61;29056;27;695;1;20;4;0;499;579;23049;189;16;0;180;267;0;3;0;51;179;40;136;2621;66;972;749;2060;501;576;438;36;0;3;1;187;0;562;79;249;7;0;509;186;442;1;402;35136;97;2;5;2046;8795;1;0;12;721;1;18;51;89;1529;43850;9;73;198;12744;162;46;77;123;59;0;0;3;3
3/24/20;74;123;264;164;3;3;387;249;2044;5283;87;5;392;39;18;81;2247;2;312;1082;402;5;9;1;369;4;12;4;792;22622;6;3;70;32986;53;743;1;21;4;0;536;686;24811;191;42;2;197;318;0;3;1;51;209;44;148;2863;84;1063;901;2362;526;794;495;40;0;3;1;187;0;767;86;303;7;0;558;204;480;1;554;39885;102;3;7;2286;9877;1;0;12;827;1;20;57;114;1872;54112;9;97;248;15126;189;50;84;134;59;0;0;3;3
3/25/20;84;146;302;188;3;3;387;265;2364;5588;93;5;419;39;18;86;2554;7;392;1173;456;9;9;4;404;4;12;5;880;25600;6;3;75;37323;93;821;1;24;4;2;657;790;27017;195;44;3;221;333;0;3;1;51;274;51;177;3084;99;1201;1051;2995;537;906;658;41;2;3;1;208;0;900;99;384;7;0;631;216;528;1;709;49515;102;3;8;2526;10897;5;0;12;934;1;23;60;173;2433;66055;14;145;333;17843;217;60;91;141;59;0;0;12;3
3/26/20;94;174;367;224;4;7;502;290;2810;6909;122;9;458;44;18;86;2985;11;488;1403;495;13;12;6;538;6;12;5;958;29551;7;3;79;43938;132;892;7;25;4;2;727;893;29406;208;44;6;244;368;0;3;1;56;299;65;201;3369;109;1373;1221;3544;549;1029;840;50;2;3;1;208;0;1012;105;384;7;0;683;226;562;2;927;57786;106;3;8;2840;11811;5;0;13;1045;1;23;65;197;3629;84091;14;196;333;20970;238;75;107;153;84;0;0;16;3
3/27/20;110;186;409;267;4;7;589;329;3143;7657;165;10;466;48;24;94;3417;11;581;1595;536;13;12;6;575;9;16;5;1041;33402;7;3;83;50871;137;966;7;28;8;2;887;1046;32332;225;58;6;280;391;0;3;1;56;358;70;219;3755;131;1495;1389;4268;562;1292;1036;54;2;3;1;223;0;1104;119;457;7;0;732;269;632;3;1170;65719;106;3;8;3069;12928;5;0;13;1136;1;25;66;227;5698;102276;23;310;405;24219;274;88;107;163;91;0;0;22;5
3/28/20;110;197;454;308;5;7;690;407;3640;8271;182;10;476;48;26;94;3904;11;719;1823;576;19;12;6;645;9;16;5;1167;38105;7;3;90;57695;141;1061;7;34;8;2;987;1155;35408;235;58;8;305;412;0;3;3;56;394;89;241;4015;152;1597;1638;5170;590;1452;1264;60;2;3;1;224;0;1203;130;659;8;0;802;292;684;3;1187;73235;113;5;8;3447;14076;5;0;14;1245;1;25;74;278;7402;122069;30;356;468;27062;303;104;119;174;98;0;0;28;7
3/29/20;120;212;511;334;7;7;745;424;3984;8788;209;11;499;48;33;94;4256;11;859;1924;609;24;12;12;679;9;21;5;1240;40708;7;4;91;62095;152;1156;9;34;16;2;1024;1285;38309;255;84;8;347;438;0;3;8;56;460;111;259;4284;167;1717;1862;5962;634;1815;1534;70;2;9;1;224;0;1299;142;741;8;0;844;314;730;3;1280;80110;117;6;8;3700;14829;9;0;14;1388;1;25;78;312;9217;141205;33;475;570;29954;309;144;119;188;109;0;0;29;7
3/30/20;170;223;584;370;7;7;820;482;4361;9618;273;14;515;49;33;152;4579;11;901;1962;656;30;12;12;715;9;23;5;1352;45170;7;4;103;66885;152;1212;9;36;22;8;1251;1414;41495;266;94;8;376;446;0;3;8;62;491;131;285;4445;179;1938;2055;6408;693;2109;1836;70;7;9;1;230;0;1453;162;785;8;0;879;336;756;3;1326;87956;122;6;8;4028;15922;10;0;19;1524;1;30;82;312;10827;162707;33;548;611;34281;320;149;135;203;116;0;0;35;7
3/31/20;174;243;716;376;7;7;1054;532;4559;10180;298;14;567;51;34;152;5717;12;1109;2240;710;32;12;15;745;9;26;5;1418;52827;16;4;110;71808;161;1314;9;38;22;8;1397;1528;44605;289;107;9;398;470;0;3;10;68;537;135;329;4641;192;2118;2311;7443;781;2245;2337;75;8;13;1;236;0;1563;175;900;10;1;926;363;802;5;1353;95923;143;7;9;4435;16605;10;0;19;1651;1;34;87;394;13531;188724;44;645;664;38815;338;172;135;212;119;0;0;35;8
4/1/20;237;259;847;390;8;7;1054;571;4862;10711;359;21;569;54;34;163;6836;12;1284;2748;779;32;15;15;779;9;29;5;1446;57749;18;4;117;77872;195;1415;9;39;30;9;1998;1677;47593;317;111;10;446;479;0;6;10;68;581;174;354;4863;210;2421;2554;8251;835;2460;2777;82;8;13;1;236;0;1720;190;1060;10;2;1000;400;841;5;1380;104118;146;7;10;4947;17768;10;0;20;1771;1;36;90;423;15679;214205;44;794;814;43789;350;181;143;218;134;0;0;36;8
4/2/20;273;277;986;428;8;9;1133;663;5116;11129;400;24;643;56;46;304;8044;12;1380;3163;865;41;15;22;858;9;29;7;1518;59929;21;4;134;84794;204;1544;10;47;52;9;2543;1790;50468;342;116;10;458;494;0;6;11;75;649;184;384;5147;231;2686;2946;9034;949;2738;3548;84;9;13;2;245;0;1885;195;1171;10;2;1049;426;897;5;1462;112065;151;8;10;5568;18827;16;0;20;1875;1;39;94;455;18135;244610;45;897;1024;48718;369;205;146;233;161;0;0;39;9
4/3/20;281;304;1171;439;8;15;1265;736;5330;11524;443;24;672;61;51;351;9056;12;1488;3368;985;46;16;22;961;9;35;7;1615;65202;21;4;155;91159;205;1613;12;50;73;15;2567;1986;53183;417;130;10;493;508;0;7;11;76;696;210;430;5370;252;2818;3383;9886;1075;3183;4149;89;9;13;3;245;0;2039;207;1476;10;2;1114;450;934;7;1505;119199;159;10;10;6131;19606;16;0;20;1978;1;40;98;495;20921;276547;48;1072;1264;53699;386;227;153;237;194;0;0;39;9
4/4/20;299;333;1251;466;10;15;1451;770;5550;11781;521;28;688;70;52;440;10360;14;1488;3465;1070;56;16;29;1039;9;38;12;1882;69500;21;4;162;96092;205;1673;12;61;111;18;3082;2092;55743;479;144;10;509;520;0;10;18;77;771;214;483;5550;277;3157;3627;10524;1325;3613;4731;102;9;14;7;259;0;2179;219;1624;10;4;1189;471;977;7;1585;126168;166;10;10;6443;20505;16;0;20;2067;1;41;103;553;23934;309699;48;1225;1505;57772;400;266;155;240;217;0;0;39;9
4/5/20;349;361;1320;501;14;15;1451;822;5687;12051;584;28;700;88;56;562;11130;14;1745;3646;1173;62;16;29;1097;9;43;12;1927;71412;21;4;174;100123;214;1735;12;61;121;18;3588;2273;58226;556;147;11;533;527;0;13;18;77;811;232;555;5687;298;3766;4102;11278;1604;3864;5389;104;10;14;7;266;0;2402;222;1908;10;6;1309;485;997;7;1655;131646;176;12;10;6830;21100;19;0;22;2169;1;44;104;574;27069;337573;52;1308;1799;61422;406;342;159;241;237;4;0;39;9
4/6/20;367;377;1423;525;16;15;1554;833;5797;12297;641;29;756;123;60;700;12161;15;1828;3747;1322;69;16;31;1108;10;44;14;2176;75343;24;4;188;103374;214;1755;12;70;128;18;4778;2491;60500;665;216;12;542;541;0;14;19;77;843;238;570;5865;331;4035;4413;11730;1832;4057;6343;105;10;14;7;266;4;2605;226;2200;11;6;1375;534;1021;7;1686;136675;178;12;10;7206;21657;19;0;24;2220;1;58;105;596;30217;367215;52;1319;2076;66738;415;457;165;245;254;4;0;39;10
4/7/20;423;383;1468;545;17;19;1628;853;5895;12639;717;33;811;164;63;861;14034;15;1956;3747;1450;78;16;31;1149;10;52;15;2308;79163;30;4;196;107663;287;1832;12;77;144;33;5311;2738;62589;743;228;14;548;548;0;14;20;78;880;254;599;6086;371;4263;4848;12442;2057;4417;7497;105;11;14;8;279;4;2795;237;2447;11;6;1481;581;1059;8;1749;141942;185;14;10;7693;22253;19;0;24;2258;1;65;107;623;34109;397992;52;1462;2359;72224;424;520;165;249;261;4;0;39;11
4/8/20;444;400;1572;564;19;19;1715;881;6010;12942;822;40;823;218;63;1066;16170;15;2111;4450;1560;93;18;33;1185;12;55;15;2487;83057;34;4;211;113296;313;1884;12;87;164;33;5916;2956;64586;855;270;15;577;576;0;31;21;78;912;276;617;6086;419;4489;5205;13141;2210;4761;8672;110;11;14;8;279;4;2932;244;2666;11;7;1623;682;1091;12;1845;148220;189;14;10;8419;23280;19;0;25;2369;1;70;107;628;38226;429686;53;1668;2659;77387;456;545;167;251;263;4;0;39;11
4/9/20;484;409;1666;583;19;19;1795;921;6108;13244;926;41;887;330;66;1486;18092;15;2349;4965;1699;103;18;33;1207;12;56;15;2605;87366;44;4;218;118181;378;1955;12;95;194;36;6725;3293;66220;910;280;16;589;582;0;31;24;78;955;288;663;6211;457;4695;5575;13956;2376;5202;10131;110;11;14;12;333;4;3287;250;2867;11;7;1910;701;1124;12;1934;153222;190;15;10;9141;24051;19;0;25;2423;1;73;109;643;42282;464442;53;1892;2990;82293;473;582;171;255;263;4;0;39;11
4/10/20;521;416;1761;601;19;19;1975;937;6215;13555;991;42;925;424;67;1981;19638;16;2620;7161;1794;117;18;34;1258;12;65;16;2769;91738;44;4;234;122171;378;2011;14;126;212;36;7598;3512;68192;993;298;16;612;609;0;37;24;79;999;305;711;6314;484;5011;5955;15472;2512;5467;11917;118;12;15;12;344;4;3651;265;3105;11;8;2108;715;1160;21;2003;158273;190;17;10;9685;24551;19;0;32;2473;2;76;109;671;47029;497943;53;2203;3360;86660;494;624;171;257;267;4;1;40;13
4/11/20;555;433;1825;601;19;21;1975;967;6303;13806;1058;46;1040;482;68;2226;20727;16;2759;7257;1939;118;18;34;1304;12;69;16;2905;94863;46;9;242;124908;408;2081;14;137;250;38;8446;3842;70029;1154;339;18;630;619;0;48;24;79;1026;318;760;6409;546;5230;6356;15987;2728;5990;13584;120;12;15;12;356;4;4033;278;3380;11;8;2299;728;1188;21;2028;163027;198;19;10;10151;25107;25;0;32;2518;2;76;112;685;52167;527969;53;2511;3736;90273;501;767;175;258;268;4;1;40;14
4/12/20;607;446;1914;638;19;21;2142;1013;6315;13945;1098;46;1136;621;71;2578;22192;16;2967;7466;2065;125;21;34;1309;14;71;16;2974;121712;49;9;257;127854;566;2114;14;155;250;38;9205;4241;71686;1234;377;19;651;630;0;50;25;79;1053;323;828;6525;599;5496;6674;16585;2979;6300;15770;126;12;15;12;356;4;4462;280;3630;11;10;2532;742;1205;25;2173;166831;210;19;10;10483;25415;25;0;32;2551;2;76;113;707;56956;556522;54;2777;4123;93812;480;865;181;262;271;6;1;43;14
4/13/20;665;467;1983;646;19;23;2208;1039;6351;14041;1148;47;1361;803;72;2919;23430;16;3167;7529;2190;137;21;34;1332;15;74;16;3064;125394;57;9;272;130072;566;2145;14;156;319;38;10453;4557;73303;1300;419;19;655;632;0;59;26;79;1062;343;854;6603;727;5837;6934;16934;3231;6633;18328;127;12;15;12;356;4;4934;291;4054;11;10;2918;769;1212;60;2272;170099;217;29;10;10948;25688;25;0;49;2579;4;77;113;726;61049;581813;54;3102;4521;98017;483;998;189;265;273;6;1;45;17
4/14/20;714;475;2070;659;19;23;2277;1067;6415;14226;1197;49;1528;1012;72;3281;25262;16;3286;7603;2350;149;41;34;1373;15;82;16;3161;130365;57;9;300;131359;636;2170;14;167;363;38;11487;4839;74877;1355;430;19;657;641;0;59;35;79;1070;373;908;6623;813;6383;7202;17448;3428;6879;21102;134;14;15;12;371;4;5369;299;4465;11;11;3252;835;1220;60;2415;172541;233;32;10;11445;25936;29;0;53;2613;6;77;113;747;65111;608878;55;3372;4933;102365;492;1165;189;266;284;6;1;45;17
4/15/20;784;494;2160;673;19;23;2443;1111;6440;14336;1253;49;1671;1231;73;3728;28320;16;3614;7858;2505;159;51;35;1400;15;85;16;3237;133585;80;9;306;134753;636;2192;14;180;404;43;12322;5136;76389;1405;449;19;666;658;0;59;48;79;1091;407;974;6740;910;6919;7582;18091;3711;7216;24490;136;14;15;12;372;4;5862;314;4873;11;13;3699;863;1248;80;2506;177644;238;32;10;11927;26336;33;0;88;2643;8;81;114;780;69392;637974;55;3764;5365;107465;493;1302;197;267;291;6;1;48;23
4/16/20;840;518;2268;673;19;23;2571;1159;6462;14476;1283;53;1700;1572;75;4204;30425;16;3755;8225;2673;164;51;35;1434;16;92;17;3369;146075;80;9;348;137698;641;2207;14;196;438;43;13430;5516;77995;1524;466;19;675;663;0;59;49;79;1128;442;1081;6896;1019;7025;7918;18841;4103;7707;27938;138;14;15;12;426;4;6380;335;5318;11;15;4427;977;1268;80;2605;184948;238;32;10;12540;26732;33;0;94;2672;18;81;114;822;74193;669272;55;4161;5825;112808;502;1349;204;268;294;6;1;48;23
4/17/20;906;539;2418;696;19;23;2669;1201;6522;14595;1340;54;1740;1838;75;4779;33682;16;4126;8450;2844;177;79;35;1459;16;96;17;3489;148084;108;9;370;141397;641;2224;14;214;477;43;14352;5923;79494;1658;489;19;682;668;0;76;49;79;1149;493;1117;6937;1069;7638;8379;19022;4663;8067;32008;143;14;15;12;435;4;7142;342;5690;11;26;5050;1049;1304;116;2783;190839;244;33;10;13216;27078;38;0;147;2700;18;83;114;864;78546;701996;56;4662;6302;117798;508;1405;204;268;307;6;1;52;24
4/18/20;933;548;2534;704;24;23;2758;1248;6568;14671;1373;55;1773;2144;75;5297;36658;16;4335;9022;3032;190;79;39;1512;22;105;17;3681;148086;108;9;388;143342;834;2235;14;235;518;46;15722;6248;80868;1751;506;19;712;672;0;76;49;79;1239;542;1170;7036;1180;8348;8742;19685;5008;8418;36793;144;14;15;12;455;4;8274;350;5994;11;30;5992;1089;1317;135;3034;191726;254;66;10;13822;27404;38;0;147;2733;18;84;114;864;82329;730337;55;5106;6302;122534;517;1490;227;268;313;6;1;57;25
4/19/20;996;562;2629;713;24;23;2839;1291;6610;14749;1398;55;1881;2456;75;5807;38654;16;4680;9468;3144;201;79;39;1528;22;108;17;3783;153011;109;10;394;145184;1042;2235;14;257;579;50;17615;6575;82211;1915;554;19;727;673;0;91;51;81;1298;627;1207;7078;1266;8418;9287;20206;5448;8746;42853;147;14;15;12;461;4;9362;367;6318;11;35;6588;1161;1330;164;3158;198674;271;66;10;14385;27740;39;0;170;2765;19;84;114;879;86306;756375;55;5449;6781;126394;528;1565;256;268;319;6;1;61;25
4/20/20;1026;584;2718;717;24;23;2941;1339;6623;14795;1436;60;1907;2948;75;6264;40743;16;4964;10128;3333;218;79;39;1535;24;111;18;3868;155393;120;10;402;147065;1042;2245;14;289;622;50;18539;6760;83505;1995;568;19;739;677;0;99;51;81;1326;665;1225;7156;1410;9565;9593;20863;6015;8936;47121;147;15;15;12;462;4;10484;377;6630;11;43;8014;1173;1335;237;3300;200210;304;107;10;14777;27944;39;0;254;2792;22;84;114;884;90980;783716;56;5710;7265;131260;535;1627;256;268;329;6;1;65;25
4/21/20;1092;609;2811;717;24;23;3031;1401;6645;14873;1480;65;1973;3382;75;6723;43079;16;5044;10398;3490;225;83;39;1552;31;114;18;4014;158168;156;10;408;148291;1042;2401;14;294;688;50;20080;7135;84802;2080;590;19;748;677;0;101;51;81;1350;665;1231;7191;1508;10076;9856;21379;6533;9242;52763;150;15;15;12;476;4;11631;412;6890;11;50;9125;1199;1344;286;3465;204178;310;107;10;15322;28063;42;0;254;2811;23;86;115;884;95591;809318;61;6125;7755;136035;543;1678;285;268;329;6;1;70;28
4/22/20;1176;634;2910;723;25;24;3144;1473;6652;14925;1518;65;2027;3772;75;7281;45757;16;5300;10850;3659;237;84;39;1559;31;116;18;4129;155980;166;10;416;150648;1154;2408;15;316;761;50;21370;7418;85996;2248;612;19;761;682;0;101;59;81;1370;873;1259;7338;1614;11155;10169;21982;7141;9710;57999;153;15;15;13;488;4;12772;442;7144;11;61;10141;1244;1353;286;3635;208389;330;140;10;16004;28268;42;0;284;2826;23;88;115;909;98674;837422;63;6592;8238;141540;549;1716;288;268;335;6;1;74;28
4/23/20;1279;663;3007;723;25;24;3435;1523;6662;15002;1548;72;2217;4186;76;8022;50036;16;5543;11183;3891;250;84;39;1592;31;116;18;4284;158303;167;10;425;153129;1154;2463;15;384;862;50;23077;7775;87026;2399;631;19;778;688;0;101;60;81;1398;981;1300;7401;1716;11940;10511;22353;7764;10096;62773;154;15;15;13;501;4;13930;479;7276;11;64;11178;1325;1366;328;3953;213024;368;174;10;16755;28496;42;0;284;2839;23;88;115;918;101790;871617;74;7170;8756;146708;557;1758;311;268;336;6;1;76;28
4/24/20;1351;678;3127;731;25;24;3607;1596;6677;15071;1592;73;2518;4689;77;8773;54043;16;5749;22719;4092;274;214;39;1605;36;117;18;4395;159952;172;10;444;154999;1279;2490;15;430;954;52;24530;8211;88194;2614;665;19;784;696;0;117;61;81;1410;1095;1326;7463;1790;12723;10892;22797;8525;10417;68622;176;15;15;14;513;4;15102;545;7483;11;82;12075;1360;1373;328;4220;202990;420;174;10;17567;28677;42;0;299;2907;24;90;115;922;104912;907908;75;7647;9281;151689;563;1804;318;270;340;6;1;84;29
4/25/20;1463;712;3256;738;25;24;3780;1677;6694;15148;1617;78;2588;4998;79;9590;59324;16;5926;22719;4319;274;258;39;1635;56;122;18;4475;161644;176;10;456;156513;1279;2506;18;473;996;52;26283;8607;89328;2892;665;19;804;704;0;120;61;81;1426;1182;1367;7499;1905;13328;11273;23392;9358;10635;74588;183;15;15;14;513;4;16299;614;7779;11;82;12693;1373;1388;390;4361;205905;460;213;10;18177;28894;42;0;299;2907;24;96;115;939;107773;940829;75;8125;9813;155453;596;1862;323;270;342;6;1;84;31
4/26/20;1531;726;3382;738;26;24;3892;1746;6714;15225;1645;80;2647;5416;79;10463;63100;16;6135;22719;4534;298;258;39;1643;59;123;18;4576;162220;176;10;486;157770;1550;2517;18;500;996;53;27890;8882;90481;3075;682;19;812;707;0;124;61;82;1438;1273;1386;7527;1998;13915;11617;23864;10287;11036;80949;191;15;15;14;538;4;17522;671;8042;11;93;13624;1379;1396;436;4546;207634;523;237;10;18640;29061;43;0;299;2922;24;98;115;949;110130;968518;79;8617;10349;158926;606;1869;325;270;342;6;1;88;31
4/27/20;1703;736;3517;743;27;24;4003;1808;6721;15274;1678;80;2723;5913;80;11289;67446;16;6293;23240;4782;323;258;39;1647;65;124;18;4695;165963;211;10;497;158758;1550;2534;18;530;1163;73;29451;9096;91472;3288;695;19;818;710;0;124;61;82;1449;1337;1399;7599;2049;14612;11902;24027;11244;11339;87147;207;15;15;15;538;4;18811;736;8275;11;93;14423;1381;1402;480;4793;209465;588;275;10;18926;29164;43;0;299;2931;24;98;116;967;112261;990983;79;9009;10839;163630;620;1904;329;270;342;6;1;88;32
4/28/20;1828;750;3649;743;27;24;4127;1867;6744;15357;1717;80;2811;6462;80;12208;73235;16;6416;24258;5042;345;315;39;1660;71;126;18;4740;169053;238;10;511;159912;1671;2566;19;530;1240;73;31324;9511;92584;3440;708;19;836;717;0;141;61;82;1344;1532;1421;7660;2131;15525;12218;24322;11921;11616;93558;212;15;15;15;553;8;20077;823;8497;11;104;14951;1384;1408;528;4996;210773;619;318;10;19621;29264;43;0;299;2938;24;99;116;975;114653;1015518;79;9410;11380;168357;625;1939;329;270;343;6;1;95;32
4/29/20;1939;766;3848;743;27;24;4285;1932;6752;15402;1766;80;2921;7103;80;13181;79685;16;6652;24675;5268;377;315;39;1666;91;130;18;4906;166543;276;10;517;161539;1671;2576;20;557;1351;205;33062;9771;93657;3740;729;19;849;721;0;141;61;82;1375;1728;1442;7710;2274;16817;12640;24505;12564;11978;99399;225;15;17;16;563;8;21402;882;8724;11;104;15641;1391;1418;582;5350;212917;649;375;10;20302;29407;43;0;480;2947;24;109;116;980;117589;1043038;81;9866;11929;173807;630;2002;331;270;344;6;6;97;32
4/30/20;2171;773;4006;745;27;24;4428;2066;6766;15452;1804;81;3040;7667;81;14027;87187;16;6972;24934;5537;395;315;39;1689;100;131;18;4995;167299;276;11;539;163009;2074;2591;20;599;1495;205;34863;10118;94640;4024;746;19;858;725;0;141;61;82;1385;1932;1465;7738;2348;18114;12877;25045;13409;12240;106498;243;15;17;16;569;14;22753;933;9009;11;124;16169;1396;1429;601;5647;213435;663;442;10;21092;29586;43;15;480;2954;24;116;116;994;120204;1072667;83;10406;12481;178771;643;2039;333;270;344;6;6;106;40
5/1/20;2335;782;4154;745;30;25;4532;2148;6778;15531;1854;81;3170;8238;81;14917;92202;16;7288;26336;5895;424;315;39;1694;106;133;18;5051;167305;276;12;566;164077;2074;2612;20;644;1537;257;37257;10551;95646;4377;756;19;870;729;0;152;63;82;1399;2170;1494;7783;2447;19103;13105;25351;14096;12567;114431;249;15;17;16;580;16;24097;1024;9009;11;136;17101;1403;1434;601;5951;215216;690;533;10;21520;29705;44;15;480;2960;24;123;116;998;122392;1106829;85;10861;13038;183501;648;2086;335;270;353;6;7;109;40
5/2/20;2469;789;4295;747;35;25;4681;2273;6799;15558;1894;83;3284;8790;81;15828;97100;16;7578;27464;6193;446;315;39;1699;108;133;18;5176;168518;335;17;582;164967;2169;2620;21;688;1586;257;39699;10843;96448;4619;769;19;871;733;0;154;63;82;1406;2388;1506;7809;2483;20084;13375;25190;14872;12732;124054;255;15;17;16;580;16;25459;1115;9362;11;155;17548;1407;1439;671;6336;216582;705;592;10;22082;29817;44;76;480;2966;24;123;116;1009;124375;1136024;88;11411;13599;186731;652;2118;345;270;353;6;10;119;34
5/3/20;2704;795;4474;748;35;25;4783;2386;6822;15597;1932;83;3383;9455;82;16705;101826;16;7954;29538;6465;490;315;39;1700;112;135;18;5254;168925;335;17;589;165664;2169;2626;21;703;1586;257;42505;11192;97424;4983;795;19;879;737;0;158;63;82;1410;2558;1511;7847;2568;20941;13693;25282;15551;13163;134687;259;15;18;16;582;16;27011;1182;9464;11;166;18205;1408;1439;722;6783;217466;718;592;10;22317;29905;44;128;480;2969;24;124;116;1013;126045;1161611;89;11913;14163;189708;655;2149;357;271;353;6;10;124;34
5/4/20;2894;803;4648;750;35;25;4887;2507;6847;15621;1984;83;3533;10143;82;17489;108620;16;8235;31881;6813;555;315;39;1703;116;140;18;5327;169583;367;17;593;166152;2719;2632;21;730;1710;413;46437;11587;98647;5278;830;19;896;740;0;166;63;82;1419;2802;1518;7904;2637;22049;14006;25524;16191;13512;145268;261;15;18;17;582;23;28656;1271;9557;11;178;18778;1413;1439;756;7220;218011;751;678;10;22721;29981;44;230;480;2987;24;126;116;1018;127659;1184086;97;12331;14730;193091;657;2189;357;271;362;6;12;137;34
5/5/20;3224;820;4838;751;36;25;5020;2619;6875;15650;2060;89;3720;10929;82;18350;115455;16;8480;31881;7201;587;315;39;1711;119;145;18;5412;170687;397;17;604;167007;2719;2642;21;763;1811;413;49400;12071;99970;5804;843;19;896;741;0;170;63;82;1423;2950;1526;7955;2735;24073;14431;25702;17142;13837;155370;261;15;18;17;589;174;30251;1329;9677;11;199;19410;1421;1445;835;7572;219329;771;778;10;23216;30009;44;293;480;2988;24;128;116;1022;129491;1208271;98;12697;15192;196780;670;2207;361;271;371;6;22;138;34
5/6/20;3392;832;4997;751;36;25;5208;2782;6894;15684;2127;92;3934;11719;82;19255;126611;16;8807;31881;7588;633;439;39;1713;123;162;18;5573;174224;397;17;610;168162;3091;2663;21;798;1856;475;52987;12438;101650;6289;871;19;900;750;0;178;64;82;1428;3145;1539;7996;2903;24644;14740;26182;17972;14107;165929;268;15;18;17;608;174;31938;1433;9791;11;225;20198;1429;1448;873;7808;220325;797;852;10;23918;30060;45;379;480;2989;24;128;116;1025;131744;1233527;100;13184;15738;200616;673;2233;379;271;374;6;25;146;34
5/7/20;3563;842;5182;752;36;25;5371;2884;6913;15752;2204;92;4199;12425;82;20168;135773;16;9095;30298;7981;695;439;39;1720;153;191;18;5673;174918;504;18;615;169430;3091;2678;21;832;1927;564;56351;12776;103135;6567;895;19;909;784;0;189;64;82;1433;3526;1572;8034;2958;26435;15047;26715;18890;14499;177160;271;15;18;17;622;187;33731;1492;9848;11;231;20939;1445;1449;928;8232;221447;824;930;10;24623;30126;45;461;480;2992;24;135;116;1026;133721;1261409;101;13691;16240;204387;684;2298;381;288;375;6;25;153;34
5/8/20;3778;850;5369;752;43;25;5611;3029;6918;15774;2279;92;4444;13134;83;21101;146894;16;9376;28818;8476;742;439;39;1725;159;194;18;5738;176202;620;20;623;170588;4012;2691;21;900;2009;594;59695;13112;104691;7208;906;19;928;796;0;199;64;82;1436;3912;1586;8070;3112;28736;15366;27268;20201;14811;187859;273;15;18;17;623;208;35432;1551;9943;11;257;21707;1455;1450;928;8895;222857;835;1111;10;25265;30207;47;522;509;3000;24;145;116;1030;135569;1288587;101;14195;16793;207439;694;2325;388;288;375;6;34;167;34
5/9/20;4033;856;5558;754;43;25;5776;3175;6939;15833;2422;92;4774;13770;84;22052;156061;16;9882;29071;8964;784;439;39;1733;163;210;18;5880;176782;661;20;626;171324;4263;2710;21;967;2042;641;62808;13645;106220;7623;931;19;930;809;0;199;64;82;1444;4151;1622;8099;3224;30334;15651;27406;21331;15131;198676;280;15;18;17;637;208;37136;1634;10032;11;291;22460;1455;1454;997;9420;223578;847;1164;10;25921;30251;47;612;509;3004;24;153;116;1032;137115;1314320;116;14710;17417;209589;702;2349;402;288;375;6;34;252;35
5/10/20;4402;868;5723;755;45;25;6034;3313;6948;15871;2519;92;4941;14657;84;22973;162699;16;10347;29559;9400;889;439;39;1739;172;239;18;5962;177094;661;20;635;171879;4263;2716;21;1052;2146;726;67161;14032;107603;8688;1002;19;939;845;0;199;64;82;1479;4399;1642;8105;3399;32081;15996;27581;22520;15362;209688;284;15;18;17;628;208;39048;1709;10032;11;307;23336;1457;1457;1054;10015;224350;863;1365;10;26322;30305;47;612;509;3009;24;174;116;1032;138657;1334084;121;15232;18198;211911;707;2418;414;288;375;6;51;267;36
5/11/20;4687;872;5891;755;45;25;6278;3392;6970;15882;2589;93;5236;15691;84;23906;169594;16;10634;29509;9746;958;439;39;1741;175;250;18;5984;177547;802;22;638;172576;4700;2726;21;1114;2146;761;70768;14265;109286;9286;1016;19;946;859;0;211;64;82;1485;4641;1664;8132;3573;34336;16326;27679;23623;15588;221344;285;15;18;17;628;208;41014;1886;10176;11;338;23822;1457;1460;1089;10652;227436;869;1526;10;26670;30344;47;661;509;3015;24;181;116;1032;139771;1352962;121;15648;18878;215500;711;2486;422;288;375;6;56;267;36
5/12/20;4963;876;6067;758;45;25;6563;3538;6980;15961;2693;93;5531;16660;85;24873;178214;16;10900;30419;10093;998;439;39;1746;184;261;18;6003;178349;863;22;642;173171;5127;2744;21;1199;2298;820;74292;14749;110767;10277;1037;19;950;870;0;211;64;82;1491;4787;1674;8157;3721;35298;16921;27913;25149;15778;232243;286;15;18;17;638;208;42925;1995;10243;11;338;24671;1465;1461;1170;11350;228030;889;1661;10;27272;30380;47;729;509;3017;24;199;116;1032;141475;1375152;129;16023;19661;218895;717;2519;423;288;375;6;65;441;36
5/13/20;5226;880;6253;760;45;25;6879;3718;6989;15997;2758;94;5816;17822;85;25825;190137;16;11196;30486;10431;1037;522;39;1751;187;263;18;6054;178184;1004;23;647;174098;5408;2760;21;1342;2374;836;78055;15438;112725;11028;1044;19;951;878;1;213;64;82;1505;4971;1694;8175;4019;35788;17204;28132;26539;16002;242271;287;15;18;17;643;220;44830;2105;10295;11;387;25346;1469;1463;1219;12074;228691;915;1818;10;27909;30413;48;801;509;3017;24;219;116;1032;143114;1396110;139;16425;20386;222195;719;2612;423;288;375;6;70;446;37
5/14/20;5639;898;6442;761;48;25;7134;3860;7019;16058;2879;96;6198;18863;85;26772;203165;16;11320;30502;10829;1112;583;39;1758;187;272;18;6145;178994;1104;23;667;174478;5530;2770;21;1518;2473;913;81997;16006;114533;11975;1082;19;962;886;1;215;64;82;1511;5162;1723;8196;4341;38799;17615;28319;28272;16247;252245;287;15;18;17;648;235;46869;2189;10374;11;408;26098;1477;1464;1284;12739;229540;925;1818;10;28582;30463;48;907;509;3018;24;238;116;1032;144749;1423727;160;16847;21084;224813;724;2645;455;312;375;6;85;654;37
5/15/20;6053;916;6629;761;48;25;7479;4044;7035;16109;2980;96;6583;20065;85;27730;220291;16;11739;31467;11228;1210;594;39;1766;190;287;18;6228;179630;1209;23;671;175233;5638;2810;22;1643;2473;913;85784;16496;116635;12860;1111;19;970;891;1;219;64;82;1523;5450;1740;8219;4625;38799;18016;28583;29425;16437;262843;287;15;18;17;652;235;49176;2310;10438;11;447;26891;1480;1465;1284;13524;230183;935;1964;10;29207;30514;50;1118;509;3025;24;263;116;1035;146457;1449027;203;17330;21831;227334;732;2686;459;314;375;6;106;654;42
5/16/20;6402;933;6821;761;48;25;7805;4283;7044;16201;3138;96;6747;20995;86;28681;233511;16;12110;32763;11719;1265;594;39;1770;202;306;18;6286;179630;1320;23;683;175752;5735;2819;22;1763;2658;969;90648;17025;118392;13802;1117;19;997;902;1;223;65;82;1534;5621;1762;8237;5029;40151;18257;28810;30972;16704;272043;289;15;18;17;653;235;52016;2429;10496;11;462;27356;1493;1465;1357;14355;230698;960;2289;10;29677;30572;51;1322;509;3025;24;298;116;1037;148067;1474128;227;17858;22627;229406;733;2738;504;318;376;6;122;679;42
5/17/20;6664;946;7019;761;48;25;8068;4472;7054;16242;3274;96;6956;22268;88;29650;241080;16;12314;33182;12229;1338;594;39;1774;203;317;18;6347;179693;1320;23;695;176369;5735;2834;22;1763;2658;990;95698;17514;120198;14850;1138;19;1008;911;1;226;65;82;1541;5959;1792;8249;5186;42125;18529;29036;32604;16871;281752;292;15;18;17;654;235;54752;2480;10610;11;505;28038;1494;1466;1421;15515;230698;981;2289;10;30143;30587;58;1524;509;3028;24;301;116;1037;149435;1493132;227;18291;23358;231232;734;2753;541;320;381;6;128;753;44
5/18/20;7072;948;7201;761;50;25;8371;4823;7068;16269;3387;96;7184;23870;88;30572;255368;16;12725;33582;12764;1413;719;39;1784;205;352;18;6380;180051;1432;24;701;176551;5735;2836;22;1912;2796;1032;100328;18010;122492;15691;1216;19;1009;931;1;229;65;82;1547;6175;1817;8257;5379;43966;18885;29209;33969;17036;290678;297;15;18;17;654;246;57345;2544;10699;11;519;28343;1495;1466;1455;16433;231606;992;2591;11;30377;30597;58;1729;509;3031;24;330;116;1043;150593;1514901;248;18616;24190;233809;737;2791;618;324;388;6;130;761;46
5/19/20;7653;949;7377;761;52;25;8809;5041;7072;16321;3518;96;7532;25121;90;31508;271885;16;13223;34151;13484;1498;825;39;1791;208;365;18;6399;180933;1502;24;707;177778;6096;2840;22;2133;2863;1038;106475;18496;124603;16764;1243;19;1012;954;1;233;68;82;1562;6401;1839;8267;5671;45898;19268;29432;35606;17191;299941;308;15;18;17;655;251;59854;2617;10733;11;534;28794;1495;1467;1502;17200;232037;1027;2728;11;30799;30618;58;1936;509;3033;24;338;116;1044;151615;1535350;260;18876;25063;236867;738;2855;749;324;391;6;167;772;46
5/20/20;8145;964;7542;762;52;25;9283;5271;7081;16353;3631;97;7888;26738;90;32426;291579;16;13477;34854;14229;1571;890;39;1794;217;389;18;6443;181700;1567;24;713;178473;6269;2850;22;2265;2863;1089;112028;19189;126949;17568;1270;19;1016;961;1;238;69;82;1577;6677;1858;8281;6043;48091;19739;29660;37097;17387;308705;314;15;18;18;656;251;62545;2714;10833;11;570;29364;1496;1468;1573;18003;232555;1028;2728;11;31523;30658;58;2140;509;3034;24;340;116;1045;152587;1559157;264;19230;26004;239579;746;2939;824;324;398;6;184;832;48
5/21/20;8676;969;7728;762;58;25;9931;5606;7095;16404;3749;97;8174;28511;90;33371;310087;16;13657;35306;15003;1640;903;39;1800;220;399;18;6493;181951;1567;24;721;179021;6269;2853;22;2512;3067;1109;118226;20162;129341;18609;1313;19;1025;1024;1;240;71;82;1593;7016;1898;8309;6370;50694;20143;29912;38651;17585;317554;320;15;18;18;658;251;65077;2812;10919;11;585;29812;1502;1468;1594;19137;233037;1055;3138;11;32172;30694;58;2350;509;3037;24;354;116;1046;153548;1584512;160;19706;26898;242133;749;2964;882;324;423;6;197;866;51
5/22/20;9216;981;7918;762;60;25;10649;5928;7099;16436;3855;97;8414;30205;90;34303;330890;16;13989;35828;15786;1725;960;39;1807;225;433;18;6537;182354;1728;25;723;179710;6486;2874;22;2743;3067;1114;124794;20796;131652;19564;1350;19;1030;1086;2;249;72;82;1604;7261;1921;8332;6794;52437;20619;30200;40481;17712;326448;321;15;18;18;661;251;67719;2909;11024;11;606;30426;1503;1468;1594;20125;234824;1068;3378;11;32809;30707;59;2551;509;3037;24;363;116;1048;154500;1608653;175;20148;27892;244174;753;3028;944;324;423;6;209;920;51
5/23/20;9998;989;8113;762;61;25;11353;6302;7114;16486;3982;100;8802;32078;92;35244;347398;16;14422;36258;16513;1819;960;39;1821;238;494;18;6568;182694;1934;25;728;179986;6617;2876;22;3054;3176;1114;131423;21745;133521;20464;1365;19;1046;1097;2;255;75;82;1616;7526;1941;8346;7257;54601;20931;30471;42213;17857;335882;325;15;18;18;665;251;70161;2976;11092;11;621;31068;1504;1468;1594;21343;235290;1089;3628;11;33188;30725;70;2738;509;3040;24;373;116;1048;155686;1630476;198;20580;28704;245682;764;3115;1010;325;423;6;212;920;56
5/24/20;10582;998;8306;762;69;25;12076;6661;7114;16503;4122;100;9138;33610;92;36198;363211;16;14801;36756;17265;1915;960;39;1823;250;582;18;6579;182709;1934;25;730;180328;6683;2878;22;3424;3275;1114;138536;22271;135701;21302;1403;19;1047;1114;2;265;75;82;1623;7839;1978;8352;7770;56349;21326;30623;43714;18070;344481;327;15;18;18;665;251;72560;3047;11159;11;707;31616;1509;1468;1594;22583;235772;1141;3820;11;33459;30736;86;2929;509;3040;24;381;116;1051;156827;1651289;198;20986;29485;247037;769;3164;1121;325;423;9;222;920;56
5/25/20;11173;1004;8503;763;70;25;12628;7113;7126;16539;4271;100;9171;35585;92;37144;374898;16;15073;37355;17967;1983;1043;39;1824;256;655;18;6599;183067;2135;25;731;180600;6808;2882;23;3760;3275;1178;144950;22750;137724;21967;1433;19;1049;1119;2;265;75;82;1635;8068;1999;8364;7770;57705;21631;30788;45465;18283;353427;336;15;18;18;666;299;74795;3130;11193;11;735;31960;1511;1469;1689;23615;235400;1182;3976;11;33843;30746;106;3100;509;3042;24;386;116;1051;157814;1670280;222;21245;30307;248650;787;3189;1177;326;423;9;233;920;56
5/26/20;11831;1029;8697;763;70;25;13228;7402;7139;16557;4403;100;9366;36751;92;38059;391222;16;15264;37355;18756;2042;1043;39;1834;261;701;18;6628;182847;2238;25;732;181200;7117;2892;23;3954;3275;1178;150793;23165;139511;22575;1468;19;1053;1140;2;266;77;82;1639;8344;2014;8383;8118;59151;22074;31007;47207;18429;362342;339;15;18;18;666;441;76726;3161;11227;11;754;32343;1513;1469;1711;24264;236259;1319;3976;11;34440;30761;121;3266;509;3045;24;391;116;1051;158762;1689163;253;21584;31086;250309;789;3290;1211;327;429;9;249;920;56
5/27/20;12456;1050;8857;763;71;25;13933;7774;7150;16591;4568;100;9692;38292;92;38956;411821;16;15723;38103;19666;2109;1043;39;1840;272;731;18;6692;183038;2319;25;735;181524;7303;2903;23;4145;3275;1195;158086;23851;141591;23267;1520;19;1057;1161;2;266;99;82;1647;8733;2039;8401;8373;61227;22473;31292;48947;18594;370680;346;15;18;18;667;443;78541;3253;11275;11;782;32876;1515;1471;1731;25937;236259;1469;4346;12;35088;30776;121;3424;509;3054;24;395;116;1051;159797;1707445;281;21905;31969;252118;803;3369;1245;327;434;9;256;1057;132
5/28/20;13036;1076;8997;763;74;25;14702;8216;7165;16628;4759;101;10052;40321;92;39858;438238;16;16068;38471;20793;2194;1043;39;1851;279;831;18;6743;186364;2431;25;738;182196;7303;2906;23;4348;3553;1195;165386;24538;143849;24112;1594;19;1061;1168;2;269;105;82;1656;8915;2077;8411;9009;64028;22825;31596;50914;18791;379051;349;15;18;25;670;458;80185;3348;11300;11;812;33249;1520;1473;1828;27403;237906;1530;4346;12;35727;30796;122;3563;509;3065;24;422;116;1068;160979;1730260;317;22382;32532;253854;811;3444;1325;327;446;9;278;1057;149
5/29/20;13659;1099;9134;764;81;25;15419;8676;7184;16655;4989;102;10449;42844;92;40764;465166;16;16531;38571;22082;2278;1306;39;1859;279;968;18;6776;186923;2613;25;746;182922;7616;2909;23;4607;3656;1256;173491;25216;146668;25184;1662;19;1064;1172;2;273;118;82;1662;9302;2129;8422;9820;66457;23155;31946;52907;18982;387623;355;15;18;26;671;463;81766;3429;11354;11;829;33860;1520;1473;1828;29240;238564;1558;4521;12;36476;30828;122;3686;509;3076;24;428;116;1071;162120;1754764;329;22811;33170;255362;816;3468;1370;328;446;9;283;1057;149
5/30/20;14525;1122;9267;764;84;25;16214;8927;7192;16685;5246;102;10793;44608;92;41658;498440;16;16908;38571;23449;2395;1306;39;1865;283;1063;18;6826;188752;2655;25;757;183189;7768;2915;23;4739;3706;1256;181827;25773;148950;26192;1722;19;1065;1191;2;280;130;82;1670;9855;2164;8437;10423;69496;23571;32203;55262;19133;396575;359;15;18;26;671;479;83384;3535;11381;11;852;34366;1521;1473;1916;30967;239228;1620;4800;14;37113;30845;122;3807;509;3077;24;433;117;1076;163103;1779214;413;23204;33896;256469;821;3546;1459;328;447;9;310;1057;174
5/31/20;15205;1137;9394;764;86;26;16851;9282;7202;16731;5494;102;11398;47153;92;42556;514849;16;17285;39098;24985;2517;1306;39;1869;285;1172;18;6859;189009;2655;25;783;183410;8070;2917;23;5087;3706;1256;190609;26473;151466;27043;1748;19;1066;1220;2;288;156;82;1675;10162;2226;8440;11437;72460;23786;32500;56910;19257;405843;370;15;18;26;671;483;85261;3645;11412;11;861;34884;1521;1473;1976;32683;239479;1633;5026;23;37542;30862;122;3930;509;3081;24;442;117;1077;163942;1799124;417;23672;34557;257539;823;3623;1510;328;448;9;323;1057;178
6/1/20;15750;1143;9513;765;86;26;17415;9492;7221;16733;5662;102;11871;49534;92;43403;526447;16;17572;39098;26384;2582;1306;39;1870;293;1257;18;6885;189348;2655;25;794;183594;8070;2918;23;5336;3844;1339;198370;26940;154445;27762;1817;19;1066;1233;2;296;168;82;1678;10578;2315;8446;12223;76398;24165;32700;58433;19398;414328;377;15;18;26;671;484;87142;3739;11430;11;865;35292;1522;1473;2023;34357;239638;1643;5173;44;37814;30871;123;4013;509;3082;24;443;117;1084;164769;1816479;457;24562;35192;258983;825;3702;1662;328;449;9;354;1089;203
6/2/20;16509;1164;9626;844;86;26;18319;10009;7229;16759;5935;102;12311;52445;92;44255;555383;18;17752;40414;27536;2653;1306;39;1870;294;1344;18;6887;188582;2803;25;796;183879;8297;2937;23;5586;3886;1339;207191;27549;157562;28649;1845;19;1071;1242;2;311;182;82;1682;10819;2391;8455;12799;80463;24395;32895;60259;19517;423186;384;15;18;26;672;484;89011;3836;11454;11;896;35836;1522;1475;2089;35812;239932;1683;5310;54;38589;30874;123;4100;509;3083;24;445;117;1086;165555;1837374;489;24895;35788;260453;826;3760;1819;328;451;9;399;1089;206
6/3/20;17267;1184;9733;851;86;26;19268;10524;7240;16771;6260;102;12815;55140;92;45116;584016;18;18040;40966;28615;2705;1306;39;1880;295;1486;18;6911;188934;2902;26;800;184121;8548;2937;23;5760;3933;1339;216824;28233;160696;29359;1871;19;1079;1256;4;316;196;82;1684;11166;2492;8477;13537;85264;24687;33261;62160;19669;431715;397;15;18;26;674;484;91182;3932;11523;11;909;36405;1525;1477;2146;37525;240326;1749;5499;74;40803;30893;123;4191;509;3084;24;452;117;1087;166422;1857332;507;25385;36359;261802;828;3843;1952;328;457;9;419;1089;222
6/4/20;18054;1197;9831;852;86;26;20197;11221;7247;16805;6522;102;13296;57563;92;45981;614941;18;18319;40966;29767;2781;1306;39;1890;300;1636;18;6911;189701;2955;26;801;184472;8885;2952;23;6154;3991;1339;226713;28818;164270;29921;1899;19;1082;1306;4;321;209;82;1687;11516;2611;8504;14316;89249;25048;33592;63741;19907;440538;410;15;19;26;678;485;93157;4021;11571;11;914;36922;1526;1477;2204;40792;240660;1797;5714;82;41883;30913;124;4289;509;3101;24;465;117;1087;167410;1878683;522;25981;37018;263040;832;3939;2087;328;464;9;453;1089;237
6/5/20;18969;1212;9935;852;86;26;21037;11817;7252;16843;6860;102;13835;60391;92;46868;645771;18;18708;41575;31115;2849;1306;39;1910;305;1805;18;6941;190312;3101;26;805;184924;9168;2967;23;6485;4060;1368;236184;29521;167156;30644;1936;19;1085;1312;4;334;239;82;1694;11844;2790;8522;15086;93983;25410;33969;65495;20103;449256;420;15;19;26;680;499;95748;4155;11667;11;929;37183;1526;1479;2204;43434;240978;1801;5865;90;42939;30936;124;4370;509;3102;24;485;117;1087;168340;1903907;557;26542;37642;264150;834;4007;2145;328;464;9;469;1089;265
6/6/20;19551;1232;10050;852;88;26;22020;12364;7259;16898;7239;103;14383;63026;92;47751;672846;18;19195;42728;32612;2934;1306;39;1931;322;1934;18;6964;190891;3101;26;808;185450;9462;2980;23;6792;4117;1368;246622;30514;169425;31131;1974;19;1086;1320;4;345;256;82;1705;12233;2915;8531;16016;98943;25986;34351;67195;20290;458102;431;15;19;26;680;499;98869;4249;11741;11;946;37527;1528;1484;2289;45973;241310;1814;6081;100;43887;30956;125;4453;509;3104;24;487;117;1087;169218;1926639;593;27101;38268;264944;845;4094;2316;329;464;9;482;1089;279
6/7/20;20342;1246;10154;852;91;26;22794;13130;7265;16902;7553;103;14763;65769;92;48630;691758;18;19600;43120;34079;3015;1306;39;1939;333;2020;18;6981;191234;3101;26;809;185750;9638;2997;23;7055;4117;1368;257486;31186;171789;31848;2007;19;1088;1331;4;359;256;82;1714;12486;3025;8547;16882;103671;26561;34693;68790;20479;467073;439;15;19;27;680;513;101914;4328;11823;11;969;37910;1528;1485;2334;48285;241550;1835;6081;122;44730;30965;141;4529;509;3112;24;495;117;1087;170132;1944370;616;27599;38808;265662;845;4331;2377;331;472;9;484;1089;282
6/8/20;20917;1263;10265;852;92;26;23620;13325;7267;16968;7876;103;15417;68504;92;49453;707412;18;20126;43378;35444;3104;1306;39;1940;340;2156;18;7001;191445;3101;28;812;186109;9910;3049;23;7502;4216;1389;265928;32033;173832;32510;2032;19;1088;1350;4;370;332;82;1720;12801;3152;8561;17486;108317;27160;34885;70158;20604;476043;451;15;19;27;687;513;105283;4427;11896;11;1001;38296;1530;1485;2368;50879;241717;1857;6242;128;45133;30972;144;4609;509;3119;24;497;117;1087;171121;1961785;646;28077;39376;266756;845;4440;2473;332;473;9;496;1200;287
6/9/20;21459;1299;10382;852;96;26;24761;13675;7274;16979;8191;103;15731;71675;92;50265;739503;18;20415;43917;36829;3191;1306;39;1947;371;2336;18;7025;191849;3247;28;818;186506;10201;3058;23;7866;4258;1389;276146;33076;175927;33140;2055;19;1089;1368;4;383;359;82;1727;13464;3239;8576;18198;113702;27560;35306;71879;20749;484630;463;15;19;27;688;514;108571;4516;11965;11;1025;38514;1531;1486;2416;52991;241966;1859;6427;137;45924;30988;146;4690;509;3121;24;501;117;1087;172114;1979912;657;28479;39904;267915;846;4520;2632;332;481;9;524;1200;314
6/10/20;22142;1341;10484;852;113;26;25987;14103;7285;17005;8530;103;16200;74865;96;51066;772416;18;20808;44440;38284;3274;1306;41;1958;398;2506;18;7040;192394;3375;28;827;186522;10201;3068;23;8221;4258;1389;286605;34316;177938;33823;2093;19;1092;1388;4;397;378;82;1733;13873;3364;8594;18887;119536;27842;35600;73595;20945;493023;476;15;19;27;691;611;112288;4640;12031;11;1062;38965;1533;1488;2452;55421;242280;1869;6582;144;46814;31011;152;4763;509;3125;24;522;117;1087;173036;2000706;665;29015;40507;269101;847;4623;2738;332;485;9;560;1200;320
6/11/20;22890;1385;10589;852;118;26;27373;14669;7289;17034;8882;103;16667;78052;96;51816;802828;18;21437;44440;39726;3373;1306;41;1965;449;2670;18;7064;192819;3463;28;831;186691;10358;3088;23;8561;4372;1389;297535;35295;180156;34432;2166;19;1094;1402;4;410;393;82;1752;14554;3538;8608;19954;125933;28201;35910;75071;21182;501800;494;15;19;27;691;632;116021;4759;12102;11;1085;39387;1541;1488;2513;58568;242707;1877;6730;168;48288;31044;164;4834;509;3125;24;524;117;1087;174023;2023656;679;29706;40986;270108;847;4741;2814;332;487;9;591;1200;332
6/12/20;23546;1416;10698;853;130;26;28764;15281;7294;17064;9218;103;17269;81523;96;52520;828810;18;22008;45778;41303;3481;1306;41;1970;472;2915;18;7073;193546;3463;28;843;187226;10856;3108;23;8982;4426;1460;308993;36406;182525;34952;2166;19;1096;1422;4;421;409;82;1756;15181;3701;8620;21071;125933;28577;36180;76588;21404;510761;510;15;19;27;694;639;119942;4851;12175;11;1103;39850;1542;1490;2513;61927;243209;1880;6879;187;49684;31063;164;4902;509;3129;24;525;117;1093;175218;2048986;686;30415;41499;271162;847;4869;2879;333;489;9;632;1321;343
6/13/20;24102;1464;10810;853;138;26;30295;16004;7320;17078;9570;103;17713;84379;96;53241;850514;18;22572;46356;42980;3603;1306;65;1973;486;3166;18;7087;194072;3463;28;851;187267;11118;3112;23;9491;4484;1460;320922;37420;184955;35466;2207;19;1097;1442;4;446;418;82;1763;15682;3895;8628;22077;132405;29017;36463;78416;21679;519458;541;15;19;27;694;659;123308;4996;12251;11;1132;40197;1545;1492;2579;65736;243605;1884;7007;196;50931;31094;170;4971;509;3134;24;530;117;1094;176677;2074542;694;31177;41990;272050;847;4966;2904;334;489;9;705;1357;356
6/14/20;24766;1521;10919;853;140;26;31577;16667;7335;17109;9957;103;18227;87520;96;53973;867624;18;22962;46751;44598;3720;1306;96;1973;490;3345;18;7104;194479;3463;28;864;187518;11964;3121;23;9845;4532;1460;332424;38277;187427;35920;2285;19;1097;1446;4;458;454;82;1768;16085;4057;8631;23481;144478;29392;36690;79602;21999;528267;582;15;19;27;694;661;127541;5090;12310;11;1169;40604;1548;1495;2618;70038;243928;1889;7220;208;51614;31117;177;5035;509;3135;24;530;123;1096;178239;2094366;696;31851;42294;272857;848;5080;2978;334;492;9;728;1358;383
6/15/20;25527;1590;11031;853;142;26;32785;17064;7347;17135;10324;103;19013;90619;97;54680;888271;18;23271;47322;46289;3826;1306;109;1974;506;3521;18;7108;194631;4033;30;879;187682;11964;3134;23;10272;4572;1492;343091;39294;189876;36431;2472;19;1097;1464;4;498;467;82;1773;16658;4157;8647;24524;148921;29788;37036;80876;22165;536484;612;15;19;27;694;662;132048;5173;12367;11;1176;40818;1552;1496;2642;73533;244109;1905;7435;229;52383;31131;177;5097;509;3135;24;531;123;1110;179831;2114026;705;32536;42636;273888;848;5263;3062;334;505;9;844;1382;387
6/16/20;26310;1672;11147;854;148;26;34159;17489;7370;17189;10662;104;19553;94481;97;55369;923189;18;23686;47943;47856;3941;1664;121;1975;520;3630;18;7112;194975;4114;34;879;188252;12193;3148;23;10706;4639;1492;354065;40400;192439;36958;2562;19;1098;1473;4;509;484;82;1776;17148;4299;8660;25269;154760;30195;37336;82077;22415;544725;636;15;19;29;694;671;136315;5247;12426;11;1225;40969;1552;1499;2658;76334;244328;1915;7740;236;53323;31154;177;5160;509;3135;24;537;123;1125;181298;2137731;724;33209;42982;274971;849;5493;3150;334;514;9;885;1405;391
6/17/20;26874;1722;11268;854;155;26;35552;18033;7391;17203;10991;104;19961;98489;97;56032;955377;18;24105;48490;49219;4066;1664;131;1977;563;3759;18;7117;195433;4229;34;888;188604;12590;3203;23;11251;4668;1492;366946;41431;195051;37533;2657;19;1104;1489;4;516;500;82;1778;17735;4482;8692;26079;160118;30701;37672;83174;22760;552549;639;15;19;29;696;683;141234;5369;12522;11;1249;41216;1561;1503;2696;80412;244683;1924;8020;261;54562;31187;178;5221;509;3135;24;544;123;1128;182727;2163290;732;33986;43364;275970;849;5682;3386;335;555;9;902;1412;401
6/18/20;27532;1788;11385;855;166;26;37510;18698;7409;17223;11329;104;20430;102292;97;56657;978142;18;24645;49097;50437;4200;1664;142;1977;586;3954;18;7119;195900;4340;36;893;189817;12929;3227;23;11868;4841;1492;380532;42762;197647;38074;2657;19;1108;1495;4;542;510;82;1784;18480;4664;8708;26818;165062;31015;38089;84441;23080;560321;646;15;19;29;696;688;145991;5475;12616;11;1272;41473;1562;1511;2719;83890;245268;1947;8020;277;56043;31200;187;5279;509;3141;24;547;123;1132;184031;2191099;741;34833;43752;276990;850;5767;3483;342;600;9;909;1416;463
6/19/20;27878;1838;11504;855;172;26;39570;19157;7411;17271;11767;104;20916;105535;97;57333;1032913;18;25068;49731;52211;4329;1664;142;1979;623;4070;18;7133;196711;4428;36;896;190299;13203;3237;23;12509;4904;1541;395048;43803;200262;38678;2789;19;1110;1510;4;581;520;82;1792;19147;4820;8726;27670;171666;31316;38464;85462;23400;568292;661;15;19;29;696;693;150292;5639;12709;11;1298;41615;1576;1513;2719;87715;245575;1950;8316;293;58076;31235;187;5338;509;3146;24;555;123;1146;185245;2222579;755;35755;44145;277974;853;5946;3591;349;675;9;919;1430;479
6/20/20;28424;1891;11631;855;176;26;41204;19708;7461;17323;12238;104;21331;108775;97;57936;1067579;18;25778;49731;53758;4475;1664;143;1981;627;4469;18;7142;197352;4428;37;898;190670;13717;3256;23;12755;4960;1541;410451;45029;202584;39145;2981;19;1111;1536;4;601;544;82;1795;19808;5005;8742;28566;176617;31620;38841;86488;23730;576162;702;15;19;29;696;698;154233;5783;12803;11;1309;41833;1586;1519;2755;92681;245938;1950;8580;303;58591;31243;198;5399;509;3147;24;561;123;1156;186493;2255328;763;36615;44533;278640;859;6153;3789;349;784;9;922;1430;479
6/21/20;28833;1962;11771;855;183;26;42785;20268;7474;17341;12729;104;21764;112306;97;58505;1083341;18;26677;50640;55233;4626;1664;143;1981;635;4532;18;7143;197636;4428;37;906;191272;14154;3266;23;13145;4988;1541;425282;45891;204952;39650;3356;19;1111;1587;4;626;571;82;1798;20244;5106;8745;29471;181088;31931;39133;87369;24045;583879;728;15;19;29;696;698;157612;5888;12894;11;1327;42095;1587;1520;2779;97302;246272;1950;8580;314;58848;31292;204;5457;509;3148;24;569;123;1157;187685;2281767;770;37361;44925;279264;876;6315;3917;349;833;9;941;1430;489
6/22/20;29157;1995;11920;855;186;26;44931;20588;7492;17380;13207;104;22407;115786;97;59023;1106470;18;27370;50640;56809;4808;1664;143;1981;643;4663;18;7144;198009;4739;41;908;191768;14154;3287;23;13769;4988;1556;440215;46845;207525;40291;3356;19;1111;1603;12;650;595;82;1801;20919;5196;8751;31076;185034;32227;39392;88403;24291;591465;787;15;19;29;697;702;161005;5970;12990;11;1340;42313;1588;1521;2812;101590;246504;1951;8698;319;58932;31310;219;5513;509;3151;24;569;123;1159;188897;2312303;774;38056;45303;280156;882;6461;4048;349;1001;10;967;1430;512
6/23/20;29481;2047;12076;855;189;26;47203;21006;7521;17408;13715;104;23062;119198;97;59487;1145906;18;27936;51643;58141;4973;1664;143;1982;674;4848;18;7155;198526;4849;42;911;192480;14568;3302;23;14540;5040;1556;456183;47896;209970;41033;3726;19;1111;1622;17;652;639;82;1803;21371;5311;8772;32394;188926;32527;39737;89579;24505;598878;798;15;19;29;698;707;164144;6034;13092;11;1347;42432;1589;1534;2812;106108;246752;1991;8889;319;60837;31332;231;5567;509;3156;24;576;123;1159;190165;2347491;797;38901;45683;281038;885;6662;4187;349;1169;10;992;1477;525
6/24/20;29640;2114;12248;855;197;26;49851;21717;7558;17449;14305;104;23570;122660;97;59945;1188631;18;28631;51643;59561;5150;1664;144;1983;690;5034;18;7167;198607;4956;42;914;192871;15013;3310;23;14819;5174;1556;473105;49009;212501;41879;3954;19;1111;1644;17;662;670;82;1804;22020;5445;8788;33536;192970;32821;40104;90778;24826;606043;830;15;19;29;698;710;167267;6129;13235;11;1354;42623;1607;1541;2835;111796;247086;2001;8889;357;62324;31376;231;5630;509;3158;24;583;123;1160;191657;2382426;805;39852;46133;281815;902;6990;4366;352;1328;10;1015;1489;530
6/25/20;30175;2192;12445;855;212;65;52457;22488;7595;17477;14852;104;24081;126606;97;60382;1228114;18;29141;53156;61130;5336;2001;144;1984;706;5175;18;7172;198607;5087;43;917;193371;15473;3321;23;15619;5174;1556;490401;50187;215096;42788;4204;19;1111;1662;17;681;698;82;1806;22614;5595;8788;34902;195745;33119;40415;91838;25286;613148;850;15;19;29;698;711;170639;6233;13372;11;1354;42736;1630;1547;2878;118375;247486;2010;8984;373;63890;31428;242;5691;509;3158;24;588;123;1162;193115;2422299;821;40854;46563;282512;907;7177;4563;352;1382;10;1076;1497;551
6/26/20;30451;2269;12685;855;212;65;55343;23247;7601;17522;15369;104;24805;130474;97;60713;1274974;18;29764;53856;62755;5517;2001;167;1986;728;5425;18;7191;200195;5209;43;919;194036;15834;3343;23;15828;5260;1614;508953;51427;217724;43703;4446;19;1112;1697;24;684;713;82;1808;23298;5758;8832;36034;198883;33395;40866;92784;25697;619936;858;15;19;29;698;712;174577;6354;13565;11;1394;42955;1643;1558;2878;124590;247905;2014;9257;389;65137;31486;255;5747;509;3162;24;591;124;1164;194511;2467554;833;41975;46973;283151;919;7427;4779;353;1557;10;1089;1531;561
6/27/20;30616;2330;12968;855;259;65;57744;23909;7686;17580;15890;104;25267;133978;97;61095;1313667;18;30619;54574;63923;5727;2001;191;1986;745;5570;18;7198;200195;5209;44;921;194458;16431;3366;23;16397;5291;1614;528859;52812;220180;44391;4513;19;1115;1719;24;729;727;82;1813;24077;5906;8846;36953;202955;33714;41189;93663;26022;626779;878;15;19;29;698;713;178504;6459;13792;20;1410;43246;1657;1572;2878;131800;248469;2033;9257;467;65137;31555;256;5799;509;3162;24;615;126;1168;195883;2510259;848;42932;47360;283785;924;7682;5130;355;1815;10;1103;1531;567
6/28/20;30967;2402;13273;855;267;69;59933;24645;7764;17654;16424;104;25705;137787;97;61475;1344143;18;31373;55255;65188;5934;2001;191;1987;781;5689;18;7198;199476;5209;45;924;194693;16742;3376;23;16930;5342;1614;548318;54010;222669;44942;5017;19;1116;1740;27;768;762;82;1815;24567;6080;8855;38150;206512;33907;41646;94413;26313;633563;900;15;19;29;698;713;182493;6586;14046;70;1427;43459;1664;1581;2894;138134;248770;2037;9257;490;65137;31617;256;5849;509;3162;24;642;126;1169;197239;2549864;859;43856;47797;284192;929;7948;5297;355;1990;10;1118;1557;567
6/29/20;31238;2466;13571;855;276;69;62268;25127;7834;17723;16968;104;26239;141801;97;61790;1368195;18;31816;55665;66754;6173;2001;191;1987;795;5846;18;7209;201522;5394;47;926;195042;17351;3390;23;17409;5351;1654;566840;55092;225205;45524;5296;19;1117;1745;27;770;802;82;1816;25133;6209;8862;39060;209337;34154;41912;95106;26582;640246;1001;15;19;29;698;713;186436;6698;14288;77;1450;43661;1665;1585;2904;144264;248970;2039;9257;501;67667;31652;269;5900;509;3169;24;643;126;1172;198613;2590668;870;44538;48246;284812;932;8222;5530;355;2185;10;1128;1568;574
6/30/20;31517;2535;13907;855;284;69;64530;25542;7920;17766;17524;104;26758;145483;97;62118;1402041;18;32568;56432;68311;6438;2001;203;1989;812;5846;18;7214;202063;5394;49;928;195418;17741;3409;23;18096;5391;1654;585481;56385;227662;46195;5506;19;1118;1778;27;780;824;82;1817;25694;6334;8879;40070;213470;34393;42141;96088;26970;646929;1025;15;19;29;698;714;190823;6793;14564;81;1462;43907;1667;1600;2924;151209;249271;2047;9257;515;68451;31714;279;5900;509;3171;24;650;130;1174;199906;2636414;889;45254;48667;285216;936;8503;5832;355;2428;10;1158;1594;591
7/1/20;31836;2580;14272;855;291;69;67197;26065;8001;17873;18112;104;27414;149258;97;62424;1448753;18;33387;58257;69814;6736;2001;203;1989;840;5846;18;7236;202981;5513;49;931;195893;18134;3432;23;19011;5404;1654;604641;57770;230211;46940;6261;19;1121;1788;35;804;874;82;1818;26484;6454;8896;41194;217809;34775;42454;97003;27296;653479;1042;15;19;29;698;715;194225;6925;14836;81;1498;44122;1687;1613;2924;159333;249659;2054;9573;535;69692;31851;293;6005;509;3173;24;661;130;1175;201098;2687588;893;45924;49069;285279;943;8781;6062;355;2758;10;1190;1632;605
7/2/20;32022;2662;14657;855;315;69;69941;26658;8066;17941;18684;104;27837;153277;97;62698;1496858;18;34197;59468;71299;7000;3071;215;1990;873;5846;18;7241;203640;5513;55;939;196370;18134;3458;23;20072;5450;1654;625544;59394;232863;47859;6767;19;1122;1796;35;819;891;83;1825;27110;6625;8902;42555;221896;35146;42782;97897;27746;660231;1063;15;19;29;698;717;197608;7054;15195;81;1518;44310;1700;1634;2944;168061;250103;2066;9573;547;70639;31967;312;6058;509;3179;24;667;130;1178;202284;2742049;902;46821;49469;285285;947;9078;6273;355;3080;10;1221;1632;617
7/3/20;32324;2752;15070;855;328;68;72786;27320;8260;18050;19267;104;28410;156391;97;62997;1539081;18;35148;60657;72711;7267;3071;215;1991;909;5846;18;7242;204222;5620;55;943;196780;19388;3486;23;21293;5521;1765;648315;60695;235429;48672;6878;19;1122;1830;35;833;918;83;1828;27564;6787;8921;43929;221896;35405;43156;98653;28166;666941;1081;15;22;29;698;719;201801;7164;15504;81;1524;44479;1720;1650;2944;177124;250545;2069;9663;561;71419;32101;328;6058;509;3180;24;671;130;1181;203456;2795361;911;47705;50141;285787;952;9396;6537;355;3334;10;1240;1632;625
7/4/20;32672;2819;15500;855;346;68;75376;27900;8443;18165;19801;104;28857;159679;97;63270;1577004;18;36184;61535;74035;7507;3071;215;1993;954;5846;18;7248;204222;5620;57;948;197198;19388;3511;23;22501;5570;1765;673165;62142;237878;49303;7094;19;1123;1855;35;869;989;83;1831;28167;6932;8926;45106;225283;35719;43569;99183;28582;673564;1092;16;22;29;698;719;205929;7272;15829;81;1533;44664;1749;1679;2961;187977;250545;2074;9767;565;71419;32198;338;6159;509;3185;24;676;130;1186;204610;2841241;927;48628;50857;286412;955;9708;6750;355;3835;10;1248;1632;698
7/5/20;32951;2893;15941;855;346;68;77815;28606;8583;18280;20324;104;29367;162417;98;63554;1603055;18;37425;61958;75253;7777;3071;215;1993;988;5846;19;7253;204222;5620;57;951;197523;20085;3519;23;23248;5610;1765;697413;63749;240438;49941;7377;19;1124;1873;79;874;1046;83;1836;28711;7046;8930;46178;231818;35950;43897;99799;28973;680283;1105;16;22;29;698;720;209509;7400;16131;81;1542;44800;1764;1700;2997;196750;250545;2076;9767;594;71419;32268;358;6213;509;3190;24;680;133;1188;205758;2891124;939;49468;51540;286931;956;10020;7169;355;4277;10;1265;1632;716
7/6/20;33190;2964;16404;855;346;70;80447;28936;8755;18365;20837;104;29821;165618;98;63804;1623284;18;38128;62380;76222;8027;3071;215;1994;1011;5846;21;7257;205597;5743;61;953;198064;21077;3562;23;23972;5610;1790;719664;64958;243051;50644;8141;19;1127;1885;91;891;1117;84;1841;29286;7124;8936;47735;234509;36155;44129;100345;29223;686852;1113;16;22;29;698;721;213716;7478;16420;81;1547;44983;1765;1716;3006;205721;251789;2077;9894;614;73061;32315;372;6262;509;3195;24;680;133;1199;206844;2936077;953;50053;52068;287290;960;10362;7411;369;4341;10;1284;1632;734
7/7/20;33384;3038;16879;855;386;70;83426;29285;8886;18421;21374;104;30321;168645;98;64003;1668589;18;38430;63245;77279;8307;3071;215;1995;1056;5846;21;7262;206072;5743;61;958;198343;21968;3589;23;24787;5636;1790;742417;66226;245688;51245;8279;19;1134;1907;91;917;1182;84;1844;29789;7244;8947;48997;237489;36412;44416;100945;29620;693215;1172;16;22;29;698;724;217108;7547;16719;81;1572;45140;1767;1739;3015;215855;252130;2081;9997;634;73344;32369;372;6315;509;3197;24;689;133;1205;207897;2996098;971;50622;52600;287874;965;10838;7693;369;4647;10;1297;1895;787
7/8/20;33594;3106;17348;855;386;70;87030;29820;9056;18513;21916;106;30931;172134;98;64224;1713160;18;39588;63245;78304;8566;3071;215;2003;1138;6774;21;7265;206072;5871;61;963;198699;22822;3622;23;25411;5697;1790;767296;68079;248379;52007;8847;19;1141;1946;91;926;1268;84;1854;30249;7406;8950;50207;240848;36689;44859;101553;30175;699749;1194;16;22;29;698;724;220144;7657;17076;91;1584;45298;1798;1763;3028;224665;252513;2094;10084;665;73858;32498;372;6364;509;3197;24;695;133;1221;208938;3054699;977;51457;53045;288511;974;11092;8008;369;5029;10;1318;1895;885
7/9/20;33908;3188;17808;855;396;73;90693;30346;9374;18615;22464;107;31528;175494;98;64411;1755779;18;40790;64221;79254;8844;3071;232;2011;1213;6973;26;7273;207356;5871;63;968;199001;23463;3672;23;26658;5881;1790;793802;70736;250458;52840;9358;19;1154;2011;134;957;1342;84;1857;30748;7572;8965;51725;243599;36951;45277;102110;30789;706240;1210;16;22;29;699;726;223327;7784;17342;94;1598;45423;1851;1776;3038;238339;253056;2154;10158;694;74333;32586;372;6410;509;3202;24;704;133;1231;209962;3117946;1000;52285;53577;289154;977;11564;8372;369;5220;10;1356;1895;885
7/10/20;34194;3278;18242;855;458;74;94060;30903;9553;18709;22990;108;32039;178443;98;64604;1800827;18;41915;65018;80235;9142;3071;232;2013;1257;7120;26;7279;208015;5942;64;973;199332;23834;3732;23;27619;5969;1842;820916;72347;252720;53580;9910;19;1165;2082;184;963;1342;84;1861;31323;7777;8974;53614;246351;37216;45679;102630;31381;712863;1252;17;22;29;699;727;226486;7882;17728;100;1613;45614;1870;1793;3038;250687;253908;2454;10204;726;74898;32690;394;6457;509;3202;24;710;133;1240;210965;3185737;1006;53116;54050;289678;985;12027;8803;370;5551;10;1380;1895;942
7/11/20;34366;3371;18712;855;462;74;97509;31392;9797;18783;23521;111;32470;181129;103;64767;1839850;18;43114;67209;81158;9391;3071;232;2014;1311;7402;26;7291;208015;5942;64;981;199709;24248;3772;23;28598;6044;1842;849522;74018;255117;54058;10410;19;1173;2168;184;998;1389;84;1865;31987;7975;8977;54697;248872;37521;46221;103128;32079;719449;1299;17;22;29;699;727;229480;8014;18073;100;1618;45783;1893;1827;3051;264184;253908;2511;10250;741;74898;32817;394;6506;509;3216;24;710;133;1245;211981;3245925;1013;53941;54453;290504;986;12513;9178;370;5931;10;1389;1895;982
7/12/20;34451;3454;19195;855;506;74;100166;31969;9980;18897;24041;111;32941;183795;103;64932;1864681;18;44532;67870;82070;9674;3071;232;2014;1351;7560;26;7294;208015;5942;64;986;199919;24518;3803;23;29355;6141;1842;878254;75699;257303;54894;11117;19;1173;2334;233;1010;1433;84;1869;32558;8111;8981;56015;251625;37891;46512;103598;32535;726036;1337;17;22;35;699;729;232259;8135;18360;100;1635;45961;1901;1841;3059;276242;253908;2617;10250;741;74898;32883;394;6552;509;3217;24;720;133;1263;212993;3304942;1025;54647;54854;291154;987;12997;9465;372;6230;10;1465;1895;985
7/13/20;34455;3571;19689;858;525;74;103265;32151;10251;18948;24570;113;33476;186894;103;65114;1884967;18;45506;68459;83001;9978;3071;232;2014;1389;7766;26;7295;209640;6026;64;995;200180;24988;3826;23;29742;6141;1842;906752;76981;259652;55508;11444;19;1174;2419;245;1024;1512;84;1874;33153;8197;8984;58179;253604;38190;46818;104016;32948;732547;1378;17;22;35;699;732;235111;8198;18639;100;1642;46283;1902;1849;3072;287796;255953;2646;10316;780;75826;32946;417;6596;509;3220;24;721;133;1302;214001;3364157;1029;55285;55198;291691;989;13591;9707;373;6566;10;1498;1895;1034
7/14/20;34740;3667;20216;861;541;74;106910;32490;10487;19021;25113;116;34078;190057;103;65269;1926824;18;46305;69570;83930;10303;3071;232;2015;1434;7969;26;7301;209640;6026;64;999;200456;24988;3883;23;30872;6200;1842;936181;78572;262173;56174;11444;19;1174;2451;256;1024;1563;84;1875;33616;8332;9001;59568;255769;38457;47051;104533;33585;738787;1416;17;22;35;699;732;237803;8243;18983;100;1651;46630;1908;1859;3076;298292;256619;2665;10417;801;76001;33016;439;6643;509;3227;24;731;133;1306;214993;3431574;1040;55931;55573;292931;997;14085;10010;373;6764;10;1516;1895;1064
7/15/20;34994;3752;20770;862;576;74;111146;33005;10810;19154;25672;119;34560;193590;104;65443;1966748;18;47671;70329;84843;10645;3071;232;2016;1489;8181;26;7296;210568;6121;64;1004;200890;25430;3910;23;32074;6276;1842;968857;80094;264561;56877;12282;19;1178;2542;256;1056;1589;84;1882;34259;8530;9011;61247;257914;38721;47426;104983;34226;745197;1435;17;22;35;699;737;240474;8369;19334;100;1668;46878;1927;1878;3083;311049;257494;2671;10527;837;76492;33148;458;6695;509;3232;24;740;133;1319;215940;3498902;1043;56779;55848;293469;1009;14581;10428;381;7064;10;1526;1895;1089
7/16/20;35070;3851;21355;877;607;74;114783;33559;11233;19270;26165;124;35084;196323;104;65623;2012151;18;48743;71365;85771;10957;3071;251;2016;1552;8475;26;7293;211102;6121;78;1006;201450;26125;3939;23;32939;6359;1902;1003832;81668;267061;57668;12498;19;1179;2599;256;1070;1652;84;1902;34854;8623;9015;62574;257914;39054;47765;105477;35003;751612;1473;17;23;35;699;740;243238;8481;19717;108;1678;47126;1951;1897;3106;324221;258855;2687;10527;904;76877;33290;477;6741;509;3236;24;749;133;1327;216873;3576157;1051;57640;56129;294116;1026;15066;10854;381;7412;10;1552;1895;1362
7/17/20;35229;3906;21948;880;638;76;119301;34001;11441;19439;26636;129;35473;199357;104;65782;2046328;18;50113;72444;86474;11207;3071;251;2020;1619;8803;26;7301;211943;6315;78;1010;202045;26572;3964;23;33809;6430;1927;1039084;83130;269440;58221;13101;19;1185;2700;311;1085;1704;85;1908;35454;8786;9025;64193;261917;39407;48077;105898;35802;758001;1485;17;23;35;699;741;245851;8544;20109;108;1688;47453;1965;1916;3106;337594;260255;2697;10527;943;77281;33382;496;6786;509;3239;24;766;136;1336;217799;3647715;1056;58466;56422;294803;1037;15607;11191;382;7764;10;1576;2810;1420
7/18/20;35301;4008;22549;880;687;76;122524;34462;11802;19573;27133;138;36004;202066;104;65953;2074860;18;51519;73382;87172;11508;3071;251;2021;1729;9147;26;7318;211943;6315;93;1018;202426;27060;3983;23;38042;6491;1949;1077781;84882;271606;58904;24606;19;1189;2775;359;1088;1791;86;1915;36107;9026;9028;65504;263496;39746;48390;106308;36691;764215;1539;17;23;38;699;743;248416;8669;20498;108;1701;47655;1976;1940;3111;350879;260255;2703;10682;1001;77281;33492;496;6834;509;3246;24;774;137;1348;218717;3711413;1062;59333;56711;295632;1044;16186;11483;382;8204;10;1581;2980;1478
7/19/20;35475;4090;23084;880;705;76;126755;34877;12069;19655;27521;153;36422;204525;105;66095;2098389;18;52855;74013;87775;11846;3071;251;2021;1793;9503;27;7335;211943;6315;93;1028;202735;27667;4007;23;38677;6544;1949;1118206;86521;273788;59204;27143;19;1192;2859;359;1091;1866;86;1932;36663;9153;9028;66661;265083;40104;48636;106648;37458;770311;1582;17;23;44;699;746;250920;8810;20894;108;1711;47912;1979;1946;3119;364328;260255;2724;10992;1029;77281;33591;496;6878;509;3250;24;778;137;1374;219641;3773260;1065;60077;56922;296358;1054;16752;11891;383;8549;10;1606;2980;1611
7/20/20;35526;4171;23691;884;749;76;130774;34981;12428;19743;27890;174;36936;207453;106;66213;2118646;18;53956;74620;88402;12207;3071;251;2021;1826;10207;27;7340;214023;6433;112;1039;203325;28430;4012;23;39039;6590;1949;1155338;88214;276202;59763;27143;19;1192;2905;359;1107;1980;86;1947;37225;9249;9034;68400;266096;40383;48771;107037;38139;776212;1629;17;23;50;699;746;253349;8948;21253;108;1711;48035;1980;1953;3130;373628;264836;2730;10992;1079;78048;33634;522;6921;509;3250;24;783;137;1381;220572;3834677;1069;60767;57193;296944;1064;17149;12334;384;8916;10;1619;3326;1713
7/21/20;35615;4290;24278;884;779;76;136118;35254;12894;19827;28242;194;37316;210510;106;66348;2159654;18;54797;76217;89078;12582;3071;251;2022;1894;11072;27;7351;214607;6433;112;1049;203717;28989;4048;23;40229;6652;1954;1193078;89869;278827;60434;28251;19;1193;2980;359;1108;2088;86;1949;37801;9412;9053;69887;267428;40782;48898;107430;39133;782040;1655;17;23;50;699;746;255825;8985;21605;108;1727;48434;2021;1977;3135;381798;266194;2730;10992;1131;78166;33742;540;6967;509;3255;24;790;139;1389;221500;3899211;1072;61454;57498;297389;1096;17881;12774;401;9228;10;1629;3386;1820
7/22/20;35727;4358;24872;889;812;76;141900;35693;13302;19929;28633;219;37637;213254;106;66521;2227514;18;56043;77257;89745;12975;3071;251;2025;1938;11524;27;7362;215605;6588;146;1073;204276;29672;4077;23;41135;6747;1954;1238798;91751;281413;61185;28980;19;1197;3104;359;1114;2176;86;1951;38344;9547;9059;71547;269191;41162;49150;107871;40163;787890;1689;17;23;52;699;747;258156;9121;22031;108;1731;48744;2058;2006;3161;394948;267551;2752;11237;1176;78504;33883;561;7015;509;3261;24;806;141;1394;222402;3970121;1075;62295;57734;297952;1117;18379;13164;408;9398;10;1640;3583;2034
7/23/20;35928;4466;25484;889;851;76;148027;36162;13595;20099;28980;274;37996;216110;106;66688;2287475;18;57615;78148;90413;13377;3071;261;2027;2021;11933;27;7372;216667;6588;170;1085;204881;29672;4110;23;42192;6806;1954;1288108;93657;284034;61872;31247;19;1203;3260;359;1117;2314;86;1960;38948;9669;9085;72646;270400;41580;49379;108244;41275;793720;1710;17;24;52;699;749;260394;9266;22443;108;1752;49098;2089;2033;3171;408052;270166;2753;11237;1234;78763;34000;584;7060;509;3279;24;828;141;1406;223315;4038816;1079;63169;57988;298731;1141;18986;13613;412;9744;10;1654;3789;2124
7/24/20;35981;4570;26159;897;880;82;153520;36613;13950;20214;29312;316;38458;218658;108;66846;2343366;18;59077;79049;91072;13792;3071;261;2028;2073;12693;27;7380;217797;6984;216;1104;205623;31057;4135;23;43283;6867;1954;1337024;95418;286523;62625;31247;20;1205;3407;359;1135;2424;86;1986;39539;9797;9092;73791;271887;42038;49692;108638;42394;799499;1729;17;24;52;699;860;262772;9422;22852;108;1765;49375;2118;2052;3171;421996;272421;2764;11302;1305;78997;34154;608;7104;509;3279;24;839;142;1425;224252;4112531;1089;64173;58249;299500;1166;19360;14263;415;10093;10;1674;3856;2296
7/25/20;36036;4637;26764;897;916;82;158334;36996;14403;20338;29633;326;38747;221178;108;67002;2394513;18;60896;80036;91583;14221;3071;263;2033;2142;13248;27;7388;217801;6984;277;1117;206278;31851;4166;23;44492;6927;1954;1385635;97286;288839;63309;32124;20;1206;3582;419;1155;2547;86;2001;39977;9934;9111;74858;273113;42622;49955;109036;43678;805332;1752;17;24;52;699;862;264973;9552;22852;114;1768;49888;2141;2066;3178;434200;272421;2770;11385;1381;78997;34302;627;7150;509;3282;24;853;147;1443;225173;4178970;1103;65317;58562;300270;1174;19952;14929;417;10306;10;1674;4328;2434
7/26/20;36157;4763;27357;897;932;82;162526;37317;14935;20472;30050;342;39131;223453;110;67132;2419091;18;62908;80694;92062;14630;3071;263;2034;2207;13968;27;7393;217801;6984;277;1131;206667;32969;4193;23;45053;7008;1954;1435616;98778;291172;63773;32813;20;1219;3750;505;1162;2669;86;2008;40532;10086;9117;76005;273113;43065;50164;109305;44798;811073;1821;17;24;52;699;863;266941;9681;23730;114;1783;50369;2179;2082;3178;445433;272421;2782;11385;1439;78997;34412;650;7192;509;3291;24;868;147;1452;226100;4233923;1115;66261;58913;301020;1192;20531;15463;420;10469;10;1681;4481;2512
7/27/20;36263;4880;27973;907;950;86;167416;37390;15303;20558;30446;382;39482;226225;110;67251;2442375;18;64156;81161;92482;15035;3071;265;2034;2316;14547;27;7398;220352;7189;326;1137;207112;33624;4227;23;45309;7055;1954;1480073;100303;293606;64379;33296;20;1219;3882;505;1167;2827;86;2019;41180;10213;9132;77058;274289;43402;50299;109597;45902;816680;1879;17;24;52;699;865;268934;9764;24141;114;1783;50838;2181;2087;3196;452529;278782;2805;11424;1483;79395;34477;674;7235;509;3297;24;874;148;1455;227019;4290337;1128;67096;59177;301708;1202;21209;15988;431;10621;10;1691;4552;2704
7/28/20;36368;4997;28615;907;1000;86;173355;37629;15582;20677;30858;447;39921;229185;110;67366;2483191;18;64690;82279;92947;15446;3071;265;2038;2404;15200;27;7404;221077;7189;326;1145;207707;34406;4279;23;46451;7126;1954;1531669;102051;296273;65149;33844;20;1220;4023;505;1177;3017;87;2027;41804;10315;9150;77904;275225;43904;50410;109880;47053;822060;1926;17;24;52;699;867;270831;9805;24520;114;1786;51197;2204;2101;3212;459761;280610;2810;11496;1510;79494;34609;694;7276;509;3297;24;896;153;1468;227982;4356206;1135;68030;59546;302261;1218;21699;16571;446;10938;10;1703;5002;2817
7/29/20;36471;5105;29229;918;1078;91;178996;37937;16298;20850;31221;484;40311;232194;110;67518;2552265;18;66182;83193;93356;15841;3071;265;2042;2551;15810;27;7414;221077;7352;326;1155;208546;35142;4336;23;47605;7183;1954;1581963;104432;298909;65903;34592;20;1224;4205;576;1179;3222;88;2043;42208;10503;9172;78569;276288;44416;50613;110153;48235;827509;1963;17;24;52;699;868;272590;9961;24892;114;1803;51531;2245;2115;3212;471123;282641;2810;11496;1607;79782;34802;717;7320;509;3298;24;896;156;1488;228924;4426982;1140;69078;59921;303063;1237;22585;17158;459;11284;10;1711;5249;2879
7/30/20;36542;5197;29831;922;1109;91;185373;38196;16903;20955;31560;508;40755;234889;110;67665;2610102;18;67915;84370;93757;16230;3071;279;2051;2577;16615;27;7423;222469;7352;403;1160;209535;35142;4401;24;48826;7242;1981;1634746;106336;301530;66529;35223;20;1228;4334;604;1181;3438;88;2062;42689;10617;9208;79159;277402;45031;50868;110460;49591;832993;1994;17;25;52;699;870;274219;10106;25213;114;1818;51809;2265;2139;3212;482169;285430;2814;11496;1607;80100;35022;738;7366;509;3304;24;908;164;1514;229891;4495015;1147;70300;60223;303910;1243;23271;17859;509;11548;10;1726;5555;3092
7/31/20;36675;5276;30394;925;1148;91;191302;38550;17280;21130;31878;574;40982;237661;110;67808;2662485;18;69649;85355;94078;16632;4821;279;2064;2648;17530;27;7432;225197;7352;498;1168;210399;35501;4477;24;49789;7308;1981;1695988;108376;304204;66957;35805;20;1231;4555;604;1186;3621;88;2075;43151;10754;9240;79159;278305;45688;51072;110695;50886;838461;2022;17;25;54;699;871;275905;10232;25552;114;1823;52205;2292;2156;3212;493183;288522;2815;11644;1650;80422;35232;757;7409;509;3310;24;941;169;1535;230873;4562107;1154;71404;60506;304793;1264;24009;18574;558;11837;10;1728;5963;3169
8/1/20;36710;5396;30950;925;1164;91;196543;38841;17895;21212;32157;599;41190;239860;122;67946;2707877;18;71415;86232;94316;17050;4821;279;2072;2706;17999;27;7443;225198;7531;498;1171;211005;37014;4587;24;50979;7308;1981;1750723;109936;306752;67448;36299;20;1238;4730;702;1189;3691;88;2093;43537;10891;9253;79159;278305;46346;51310;110911;52111;843890;2042;17;25;54;699;874;277478;10284;25882;114;1823;52512;2337;2171;3212;503290;288522;2815;11738;1760;80422;35412;780;7451;509;3312;24;958;173;1552;231869;4620592;1176;72609;60760;305562;1278;24783;19443;590;12160;10;1730;6228;3659
8/2/20;36710;5519;31465;925;1199;91;201919;39050;18318;21304;32443;648;41536;240746;132;68067;2733677;18;72243;86232;94483;17448;4821;279;2079;2775;18706;27;7453;225198;7531;498;1177;211220;37014;4662;24;51306;7317;1981;1803695;111455;309437;67911;36719;20;1243;4885;718;1207;3837;89;2110;43841;11054;9268;79159;279699;46894;51463;111107;53186;849277;2062;17;25;55;699;874;278835;10344;26193;114;1843;52825;2344;2180;3220;511485;288522;2823;11738;1849;80422;35550;809;7495;509;3317;24;961;182;1561;232856;4668172;1182;73761;60999;306309;1286;25336;20206;621;12297;10;1734;6347;3921
8/3/20;36747;5620;31972;937;1280;92;206743;39102;18730;21385;32684;679;41835;242102;132;68166;2750318;18;73117;87041;94640;17843;4821;282;2080;2838;19289;27;7466;225198;7646;498;1179;212111;37812;4737;24;51542;7364;1981;1855745;113134;312035;68299;37129;20;1246;5062;718;1214;4063;89;2120;44129;11128;9334;79159;280461;47469;51569;111322;54009;854641;2092;17;25;55;699;874;280093;10386;26451;114;1848;53051;2354;2181;3220;516862;297054;2828;11738;1893;81012;35616;847;7538;509;3320;24;976;182;1565;233851;4713540;1195;74781;61163;307251;1291;26066;20754;652;12541;10;1734;6580;4075
8/4/20;36782;5750;32504;939;1344;92;213535;39298;19445;21481;32910;715;42132;244020;132;68250;2801921;18;74295;87963;94752;18262;4821;282;2091;2856;19877;27;7483;228576;7646;671;1182;212828;37812;4855;24;52365;7489;1981;1908254;115056;314786;68774;37541;20;1249;5062;726;1216;4224;89;2137;44433;11202;9362;79159;280461;48149;51681;111538;55241;859762;2099;17;25;55;699;875;281456;10432;26738;114;1855;53346;2368;2190;3220;521318;302814;2834;11780;1981;81181;35746;892;7583;509;3321;25;988;194;1584;234934;4771080;1203;75880;61352;307926;1300;27047;21438;672;12770;10;1760;6793;4221
8/5/20;36829;5889;33055;939;1395;92;220682;39586;19890;21566;33103;751;42514;246674;133;68376;2859073;18;75660;88866;94875;18701;4821;282;2113;2909;20336;27;7512;228576;7787;799;1197;214113;39075;4974;24;53509;7575;2032;1964536;116871;317483;69425;38110;20;1257;5417;726;1221;4475;89;2147;44890;11289;9409;80286;281136;48789;51848;111805;56550;864948;2104;17;25;56;699;878;282824;10538;27033;126;1860;54254;2417;2208;3227;529877;305767;2839;11780;2050;81540;35927;944;7625;509;3328;25;1001;199;1601;236112;4823890;1213;77169;61606;308832;1309;27793;22299;717;13065;10;1763;7022;4221
8/6/20;36896;6016;33626;944;1483;92;228195;39819;20272;21696;33247;761;42889;249651;133;68503;2912212;18;76536;90537;95006;19126;4821;282;2124;2968;20900;27;7532;231310;7787;935;1206;215039;39642;5123;24;54339;7664;2032;2027074;118753;320117;70045;38659;20;1275;5672;742;1224;4879;89;2171;45244;11399;9468;80713;281863;49515;52061;112092;57895;870187;2111;17;25;56;699;878;284226;10715;27332;126;1877;54555;2480;2223;3227;538184;309855;2839;11780;2096;81967;36108;999;7665;509;3330;25;1012;210;1642;237265;4883582;1223;78515;61845;309796;1318;28315;23280;750;13398;10;1768;7164;4339
8/7/20;37015;6151;34155;955;1538;92;235677;39985;20698;21837;33376;830;43307;252502;138;68614;2962442;18;77709;91969;95147;19544;4821;285;2133;3036;21452;27;7554;235207;7923;1090;1213;216196;40097;5270;24;55270;7777;2032;2088611;121226;322567;70727;39162;20;1281;5951;742;1230;5079;89;2194;45687;11554;9551;81067;282645;50324;52351;112383;59273;875378;2128;17;25;56;699;878;285793;10887;27608;126;1887;54797;2523;2233;3227;545476;314362;2839;11894;2203;82323;36269;1060;7706;509;3345;25;1028;225;1656;238450;4941755;1254;80018;62061;310696;1325;29057;24166;789;13722;10;1796;7486;4451
8/8/20;37054;6275;34693;955;1572;92;241811;40185;21084;21919;33481;878;43629;255113;138;68738;3012412;18;78778;93572;95314;19978;4821;285;2147;3128;22253;27;7568;235208;7923;1090;1216;216903;40533;5421;24;56189;7875;2052;2153010;123503;324692;71199;39571;20;1288;6223;742;1234;5232;89;2231;46140;11754;9599;81357;283487;51167;52537;112650;60623;880563;2134;17;25;56;699;878;287262;11003;27863;126;1895;54929;2566;2247;3227;553188;314362;2841;11894;2306;82323;36451;1125;7706;509;3348;25;1046;275;1678;239622;4997929;1267;81534;62300;311461;1335;29652;24961;812;13928;10;1797;7903;4575
8/9/20;37054;6411;35160;955;1672;92;246499;40410;21397;22033;33568;898;44011;257600;142;68850;3035422;18;79732;94459;95492;20423;4821;285;2152;3236;22818;27;7584;235237;7923;1235;1225;217288;41003;5623;24;56605;7930;2052;2215074;125396;326712;71713;39919;20;1290;6517;742;1237;5451;89;2252;46577;11839;9638;81580;284121;51791;52668;112947;61768;885718;2140;17;25;57;699;878;288690;11175;28099;126;1916;55104;2596;2249;3227;559859;314362;2844;11956;2391;82323;36603;1188;7745;509;3351;25;1060;279;1697;240804;5044864;1283;82767;62525;312574;1353;30609;25805;841;14208;10;1804;8085;4649
8/10/20;37162;6536;35712;963;1679;92;253868;40433;21713;22106;33647;945;44397;260507;142;68947;3057470;18;80499;94701;95666;20872;4821;285;2158;3309;23591;27;7601;239349;8006;1235;1250;218508;41212;5749;24;56987;7930;2052;2268675;127083;328844;72400;40085;20;1290;6812;781;1240;5929;89;2265;46867;11942;9684;81787;284660;52410;52825;113262;62547;890799;2152;17;25;57;699;878;289947;11312;28262;126;1917;55292;2599;2255;3227;563598;322980;2871;11956;2489;82972;36708;1255;7827;509;3351;25;1067;281;1717;241997;5094400;1297;83812;62704;313392;1364;31304;26800;847;14510;10;1832;8210;4748
8/11/20;37269;6676;36204;963;1735;92;260911;40593;22127;22245;33731;989;44804;263503;143;69005;3109630;18;81094;95563;95834;21269;4821;285;2167;3410;24175;27;7623;239355;8006;1346;1264;219540;41404;5942;24;57966;8018;2088;2329638;128776;331189;73068;40455;20;1293;7121;781;1250;6302;89;2283;47290;12083;9751;82050;285191;52961;52945;113646;63762;895691;2171;17;25;57;699;881;291468;11380;28497;127;1932;55353;2615;2272;3227;566109;326612;2880;12033;2559;83126;36895;1327;7871;509;3351;25;1070;300;1738;243180;5141208;1313;85023;62966;314542;1385;31747;27938;866;14875;10;1831;8275;4818
8/12/20;37345;6817;36699;977;1762;92;268574;40794;22358;22439;33824;1036;45264;266498;144;69102;3164785;18;82224;97110;95963;21644;4821;285;2174;3525;25118;27;7642;244088;8077;1477;1278;220859;41572;6177;24;59089;8116;2088;2396637;130718;333699;73785;40759;20;1303;7413;798;1252;6611;90;2309;47743;12217;9783;82299;285921;53676;53223;113938;65177;900745;2189;17;25;57;699;882;293037;11587;28751;127;1937;55395;2690;2303;3227;568919;329784;2881;12033;2653;83455;37169;1327;7912;509;3356;25;1092;326;1780;244392;5197411;1332;86504;63212;315581;1393;32654;29088;883;15184;10;1841;8501;4893
8/13/20;37424;6971;37187;981;1815;92;276072;41023;22742;22594;33915;1089;45726;269115;144;69203;3224876;18;83134;98343;96108;21993;4821;285;2174;3599;26204;28;7683;244096;8077;1556;1283;222281;41725;6381;24;60284;8198;2088;2461190;132816;336324;74486;41069;20;1307;7711;884;1252;7050;90;2330;48116;12357;9851;82531;286674;54487;53548;114281;66631;905762;2200;17;25;57;699;883;294519;11740;28998;127;1940;55497;2739;2332;3227;572865;337334;2882;12115;2761;83852;37403;1432;7950;509;3359;25;1104;404;1847;245635;5248958;1353;88136;63489;316729;1409;33323;30369;911;15491;10;1847;8663;4990
8/14/20;37431;7117;37664;989;1852;93;282437;41299;23035;22876;34018;1119;46052;271881;148;69308;3275520;18;84488;99409;96220;22314;4821;285;2177;3670;27242;28;7700;249655;8225;1623;1306;223791;41847;6632;24;61428;8260;2088;2525922;135123;338825;75185;41373;22;1308;8045;884;1252;7327;91;2352;48445;12515;9908;82743;287300;55319;53783;114532;68046;910778;2293;17;25;57;699;885;295902;11872;29233;127;1947;55580;2801;2369;3250;579140;342813;2886;12162;2838;84294;37671;1515;7989;509;3376;25;1124;426;1903;246861;5313252;1385;89917;63819;318190;1421;33821;31381;930;15834;10;1858;9021;5072
8/15/20;37551;7260;38133;989;1879;93;289100;41495;23287;23179;34107;1252;46430;274525;150;69308;3317096;18;85545;100688;96336;22619;4821;285;2184;3745;28894;28;7720;252965;8225;1689;1321;224488;42210;6858;24;62313;8343;2117;2589952;137468;341070;75697;41645;22;1315;8442;903;1257;7738;91;2386;48770;12653;9965;82924;288047;56090;53981;114809;69374;915808;2352;17;25;57;699;885;297315;12032;29471;127;1954;55661;2855;2401;3250;583653;342813;2890;12211;2961;84294;37924;1593;8029;509;3376;25;1130;497;2023;248117;5361165;1434;91795;64102;319232;1434;34528;32607;951;16153;10;1858;9186;5176
8/16/20;37596;7380;38583;989;1906;93;294569;41663;23558;23370;34219;1315;46835;276549;151;69516;3340197;18;86309;101542;96475;22912;4821;285;2190;3839;29876;28;7731;252965;8225;1872;1336;225007;42532;7075;24;62562;8482;2117;2647663;139549;343203;76205;41856;22;1322;8881;903;1257;8172;91;2416;49068;12739;10005;83086;289215;56684;54102;115080;70461;920719;2453;17;25;57;699;885;298542;12162;29682;127;1956;55747;2902;2416;3256;587345;342813;2893;12314;3016;84294;38124;1677;8065;509;3378;25;1147;552;2107;249309;5403213;1500;93490;64312;320343;1440;35329;33755;964;16534;10;1869;9343;5261
8/17/20;37599;7499;39025;1005;1935;93;299126;41701;23773;23534;34343;1329;47185;279144;152;69589;3359570;18;86737;101751;96590;23193;4821;285;2192;3894;31336;28;7752;256533;8270;1872;1341;226700;42653;7222;24;62944;8620;2117;2702681;141370;345450;76827;41991;22;1323;9337;946;1277;8579;94;2436;49485;12840;10060;83226;289215;57279;54234;115368;71194;925558;2540;17;25;58;699;885;299914;12237;29782;127;1956;55838;2907;2429;3257;589886;359082;2900;12410;3077;85045;38252;1764;8099;509;3378;25;1154;588;2185;250542;5438325;1560;95007;64541;321064;1457;35702;34802;983;16844;10;1882;9839;5308
8/18/20;37599;7654;39444;1005;1966;93;305966;41846;23989;23829;34474;1424;47581;282344;153;69673;3407354;18;87123;102941;96753;23462;4821;304;2200;3989;32722;28;7776;256534;8270;2116;1351;228120;42993;7472;24;63847;8715;2117;2767253;143043;347835;77470;42146;22;1323;9758;946;1282;9068;97;2474;49895;12970;10111;83418;289832;57876;54448;115661;72208;930276;2577;17;26;58;702;885;301323;12305;29890;127;1959;55938;2922;2456;3257;592144;364196;2902;12485;3216;85219;38449;1844;8131;509;3382;25;1173;629;2314;251805;5482416;1603;96653;64906;322177;1485;36352;35697;989;17306;10;1889;9981;5378
8/19/20;37599;7812;39847;1024;2015;94;312659;42056;24236;24084;34620;1531;47950;285091;155;69801;3456652;18;88127;104475;96914;23717;4892;304;2207;4058;34058;28;7805;256534;8319;2288;1361;229706;43094;7684;24;64881;8792;2117;2836925;144945;350279;78145;42325;22;1326;10347;946;1282;9463;98;2496;50488;13076;10162;83606;290445;58611;54701;115956;73617;935066;2644;17;26;58;704;885;302686;12446;30048;132;1961;56031;3022;2493;3265;596060;370867;2902;12546;3295;85411;38760;1927;8166;509;3382;25;1190;686;2427;253108;5529824;1656;98658;65341;323008;1493;37112;36868;994;17606;10;1892;10218;5643
8/20/20;37856;7967;40258;1024;2044;94;320884;42319;24407;24431;34759;1610;48303;287959;156;69950;3501975;18;89010;105508;97025;23964;4892;306;2227;4110;35836;28;7842;256534;8319;2401;1370;231292;43260;7934;24;65983;8876;2149;2905825;147211;352558;78767;42507;22;1327;10952;996;1284;9707;99;2528;50964;13194;10197;83769;290958;59378;54992;116224;74963;939833;2717;17;26;58;704;888;303973;12559;30209;132;1969;56099;3102;2536;3265;599940;377906;2918;12582;3366;85810;39026;2008;8203;509;3389;25;1212;767;2543;254520;5573847;1750;100810;65802;324203;1506;37547;37567;1007;17989;10;1899;10372;5745
8/21/20;37894;8119;40667;1045;2068;94;329043;42477;24602;24762;34921;1703;48661;290360;157;70111;3532330;18;89867;106481;97148;24200;4926;306;2244;4128;37665;28;7871;271960;8388;2437;1385;233029;43325;8138;24;66941;8932;2149;2975701;149408;354764;79269;42703;22;1330;11580;1015;1285;10121;99;2564;51304;13308;10275;83769;291588;60281;55211;116481;76355;944671;2780;17;26;58;704;891;305186;12689;30378;132;1972;56216;3225;2574;3265;603338;386054;2941;12623;3460;86068;39332;2073;8241;509;3390;25;1239;864;2607;255723;5622540;1848;102948;66193;325263;1516;38074;38219;1009;18313;10;1906;10627;5815
8/22/20;37953;8275;41068;1045;2134;94;336802;42616;24811;25062;35105;1703;49038;292625;158;70285;3582362;19;90561;107089;97237;24420;4926;306;2265;4189;39033;28;7906;275562;8388;2437;1394;233861;43325;8381;24;67856;8932;2149;3044940;151498;356792;79957;42889;22;1333;12191;1015;1286;10437;99;2594;51905;13458;10299;83769;292174;61181;55452;116765;77544;949531;2889;17;26;58;704;892;306370;12850;30548;132;1980;56266;3316;2617;3269;607045;386054;2947;12682;3569;86068;39627;2143;8277;509;3390;26;1275;930;2738;257032;5667112;2166;105337;66617;326595;1521;38532;38957;1014;18476;10;1907;10831;5893
